Model#,#EM,Model,BARE SOIL,GREEN VEG,NPV,WATER,BARE SOIL_lib#,GREEN VEG_lib#,NPV_lib#,WATER_lib#,#pixels,%pixels
1,2,BARE SOIL-GREEN VEG,baresoil_X171_Y167,greenveg_X186_Y103,,,0,14,,,22,    0.019276
2,2,BARE SOIL-GREEN VEG,baresoil_X171_Y167,greenveg_X218_Y247,,,0,15,,,147,    0.128796
3,2,BARE SOIL-GREEN VEG,baresoil_X171_Y167,greenveg_X225_Y41,,,0,16,,,12,    0.010514
4,2,BARE SOIL-GREEN VEG,baresoil_X171_Y167,greenveg_X83_Y198,,,0,17,,,1762,    1.543799
5,2,BARE SOIL-GREEN VEG,baresoil_X171_Y167,pickleweed_X174_Y231,,,0,18,,,18,    0.015771
6,2,BARE SOIL-GREEN VEG,baresoil_X171_Y167,pickleweed_X175_Y92,,,0,19,,,164,    0.143691
7,2,BARE SOIL-GREEN VEG,baresoil_X171_Y167,Pickleweed_X176_Y92,,,0,20,,,42,    0.036799
8,2,BARE SOIL-GREEN VEG,baresoil_X171_Y167,pickleweed_X184_Y134,,,0,21,,,361,    0.316295
9,2,BARE SOIL-GREEN VEG,baresoil_X171_Y167,pickleweed_X189_Y52,,,0,22,,,137,    0.120034
10,2,BARE SOIL-GREEN VEG,baresoil_X171_Y167,pickleweed_X201_Y133,,,0,23,,,444,    0.389016
11,2,BARE SOIL-GREEN VEG,baresoil_X171_Y167,pickleweed_X215_Y133,,,0,24,,,12,    0.010514
12,2,BARE SOIL-GREEN VEG,baresoil_X171_Y167,Uplands_X168_Y121,,,0,25,,,1506,    1.319502
13,2,BARE SOIL-GREEN VEG,baresoil_X171_Y167,Uplands_X188_Y51,,,0,26,,,1189,    1.041758
14,2,BARE SOIL-GREEN VEG,baresoil_X181_Y117,greenveg_X186_Y103,,,1,14,,,21,    0.018399
15,2,BARE SOIL-GREEN VEG,baresoil_X181_Y117,greenveg_X218_Y247,,,1,15,,,349,    0.305781
16,2,BARE SOIL-GREEN VEG,baresoil_X181_Y117,greenveg_X225_Y41,,,1,16,,,31,    0.027161
17,2,BARE SOIL-GREEN VEG,baresoil_X181_Y117,greenveg_X83_Y198,,,1,17,,,178,    0.155957
18,2,BARE SOIL-GREEN VEG,baresoil_X181_Y117,pickleweed_X174_Y231,,,1,18,,,10,    0.008762
19,2,BARE SOIL-GREEN VEG,baresoil_X181_Y117,pickleweed_X175_Y92,,,1,19,,,269,    0.235688
20,2,BARE SOIL-GREEN VEG,baresoil_X181_Y117,Pickleweed_X176_Y92,,,1,20,,,51,    0.044684
21,2,BARE SOIL-GREEN VEG,baresoil_X181_Y117,pickleweed_X184_Y134,,,1,21,,,272,    0.238316
22,2,BARE SOIL-GREEN VEG,baresoil_X181_Y117,pickleweed_X189_Y52,,,1,22,,,71,    0.062208
23,2,BARE SOIL-GREEN VEG,baresoil_X181_Y117,pickleweed_X201_Y133,,,1,23,,,243,    0.212908
24,2,BARE SOIL-GREEN VEG,baresoil_X181_Y117,pickleweed_X215_Y133,,,1,24,,,22,    0.019276
25,2,BARE SOIL-GREEN VEG,baresoil_X181_Y117,Uplands_X168_Y121,,,1,25,,,924,    0.809575
26,2,BARE SOIL-GREEN VEG,baresoil_X181_Y117,Uplands_X188_Y51,,,1,26,,,379,    0.332066
27,2,BARE SOIL-GREEN VEG,baresoil_X182_Y112,greenveg_X186_Y103,,,2,14,,,8,    0.007009
28,2,BARE SOIL-GREEN VEG,baresoil_X182_Y112,greenveg_X218_Y247,,,2,15,,,806,    0.706187
29,2,BARE SOIL-GREEN VEG,baresoil_X182_Y112,greenveg_X225_Y41,,,2,16,,,14,    0.012266
30,2,BARE SOIL-GREEN VEG,baresoil_X182_Y112,greenveg_X83_Y198,,,2,17,,,72,    0.063084
31,2,BARE SOIL-GREEN VEG,baresoil_X182_Y112,pickleweed_X174_Y231,,,2,18,,,32,    0.028037
32,2,BARE SOIL-GREEN VEG,baresoil_X182_Y112,pickleweed_X175_Y92,,,2,19,,,708,    0.620323
33,2,BARE SOIL-GREEN VEG,baresoil_X182_Y112,Pickleweed_X176_Y92,,,2,20,,,142,    0.124415
34,2,BARE SOIL-GREEN VEG,baresoil_X182_Y112,pickleweed_X184_Y134,,,2,21,,,445,    0.389893
35,2,BARE SOIL-GREEN VEG,baresoil_X182_Y112,pickleweed_X189_Y52,,,2,22,,,110,    0.096378
36,2,BARE SOIL-GREEN VEG,baresoil_X182_Y112,pickleweed_X201_Y133,,,2,23,,,337,    0.295267
37,2,BARE SOIL-GREEN VEG,baresoil_X182_Y112,pickleweed_X215_Y133,,,2,24,,,67,    0.058703
38,2,BARE SOIL-GREEN VEG,baresoil_X182_Y112,Uplands_X168_Y121,,,2,25,,,1291,    1.131127
39,2,BARE SOIL-GREEN VEG,baresoil_X182_Y112,Uplands_X188_Y51,,,2,26,,,136,    0.119158
40,2,BARE SOIL-GREEN VEG,baresoil_X184_Y150,greenveg_X186_Y103,,,3,14,,,6,    0.005257
41,2,BARE SOIL-GREEN VEG,baresoil_X184_Y150,greenveg_X218_Y247,,,3,15,,,212,    0.185747
42,2,BARE SOIL-GREEN VEG,baresoil_X184_Y150,greenveg_X225_Y41,,,3,16,,,13,    0.011390
43,2,BARE SOIL-GREEN VEG,baresoil_X184_Y150,greenveg_X83_Y198,,,3,17,,,171,    0.149824
44,2,BARE SOIL-GREEN VEG,baresoil_X184_Y150,pickleweed_X174_Y231,,,3,18,,,3,    0.002628
45,2,BARE SOIL-GREEN VEG,baresoil_X184_Y150,pickleweed_X175_Y92,,,3,19,,,38,    0.033294
46,2,BARE SOIL-GREEN VEG,baresoil_X184_Y150,Pickleweed_X176_Y92,,,3,20,,,8,    0.007009
47,2,BARE SOIL-GREEN VEG,baresoil_X184_Y150,pickleweed_X184_Y134,,,3,21,,,125,    0.109520
48,2,BARE SOIL-GREEN VEG,baresoil_X184_Y150,pickleweed_X189_Y52,,,3,22,,,24,    0.021028
49,2,BARE SOIL-GREEN VEG,baresoil_X184_Y150,pickleweed_X201_Y133,,,3,23,,,88,    0.077102
50,2,BARE SOIL-GREEN VEG,baresoil_X184_Y150,pickleweed_X215_Y133,,,3,24,,,1,    0.000876
51,2,BARE SOIL-GREEN VEG,baresoil_X184_Y150,Uplands_X168_Y121,,,3,25,,,298,    0.261097
52,2,BARE SOIL-GREEN VEG,baresoil_X184_Y150,Uplands_X188_Y51,,,3,26,,,246,    0.215536
53,2,BARE SOIL-GREEN VEG,BareSoil_X191_Y113,greenveg_X186_Y103,,,4,14,,,37,    0.032418
54,2,BARE SOIL-GREEN VEG,BareSoil_X191_Y113,greenveg_X218_Y247,,,4,15,,,64,    0.056074
55,2,BARE SOIL-GREEN VEG,BareSoil_X191_Y113,greenveg_X225_Y41,,,4,16,,,2,    0.001752
56,2,BARE SOIL-GREEN VEG,BareSoil_X191_Y113,greenveg_X83_Y198,,,4,17,,,41,    0.035923
57,2,BARE SOIL-GREEN VEG,BareSoil_X191_Y113,pickleweed_X174_Y231,,,4,18,,,7,    0.006133
58,2,BARE SOIL-GREEN VEG,BareSoil_X191_Y113,pickleweed_X175_Y92,,,4,19,,,20,    0.017523
59,2,BARE SOIL-GREEN VEG,BareSoil_X191_Y113,Pickleweed_X176_Y92,,,4,20,,,0,0
60,2,BARE SOIL-GREEN VEG,BareSoil_X191_Y113,pickleweed_X184_Y134,,,4,21,,,172,    0.150700
61,2,BARE SOIL-GREEN VEG,BareSoil_X191_Y113,pickleweed_X189_Y52,,,4,22,,,14,    0.012266
62,2,BARE SOIL-GREEN VEG,BareSoil_X191_Y113,pickleweed_X201_Y133,,,4,23,,,19,    0.016647
63,2,BARE SOIL-GREEN VEG,BareSoil_X191_Y113,pickleweed_X215_Y133,,,4,24,,,1,    0.000876
64,2,BARE SOIL-GREEN VEG,BareSoil_X191_Y113,Uplands_X168_Y121,,,4,25,,,224,    0.196261
65,2,BARE SOIL-GREEN VEG,BareSoil_X191_Y113,Uplands_X188_Y51,,,4,26,,,88,    0.077102
66,2,BARE SOIL-GREEN VEG,baresoil_X195_Y149,greenveg_X186_Y103,,,5,14,,,23,    0.020152
67,2,BARE SOIL-GREEN VEG,baresoil_X195_Y149,greenveg_X218_Y247,,,5,15,,,119,    0.104263
68,2,BARE SOIL-GREEN VEG,baresoil_X195_Y149,greenveg_X225_Y41,,,5,16,,,2,    0.001752
69,2,BARE SOIL-GREEN VEG,baresoil_X195_Y149,greenveg_X83_Y198,,,5,17,,,343,    0.300524
70,2,BARE SOIL-GREEN VEG,baresoil_X195_Y149,pickleweed_X174_Y231,,,5,18,,,5,    0.004381
71,2,BARE SOIL-GREEN VEG,baresoil_X195_Y149,pickleweed_X175_Y92,,,5,19,,,13,    0.011390
72,2,BARE SOIL-GREEN VEG,baresoil_X195_Y149,Pickleweed_X176_Y92,,,5,20,,,0,0
73,2,BARE SOIL-GREEN VEG,baresoil_X195_Y149,pickleweed_X184_Y134,,,5,21,,,116,    0.101635
74,2,BARE SOIL-GREEN VEG,baresoil_X195_Y149,pickleweed_X189_Y52,,,5,22,,,18,    0.015771
75,2,BARE SOIL-GREEN VEG,baresoil_X195_Y149,pickleweed_X201_Y133,,,5,23,,,74,    0.064836
76,2,BARE SOIL-GREEN VEG,baresoil_X195_Y149,pickleweed_X215_Y133,,,5,24,,,1,    0.000876
77,2,BARE SOIL-GREEN VEG,baresoil_X195_Y149,Uplands_X168_Y121,,,5,25,,,350,    0.306657
78,2,BARE SOIL-GREEN VEG,baresoil_X195_Y149,Uplands_X188_Y51,,,5,26,,,202,    0.176985
79,2,BARE SOIL-GREEN VEG,BareSoil_X199_Y142,greenveg_X186_Y103,,,6,14,,,56,    0.049065
80,2,BARE SOIL-GREEN VEG,BareSoil_X199_Y142,greenveg_X218_Y247,,,6,15,,,232,    0.203270
81,2,BARE SOIL-GREEN VEG,BareSoil_X199_Y142,greenveg_X225_Y41,,,6,16,,,8,    0.007009
82,2,BARE SOIL-GREEN VEG,BareSoil_X199_Y142,greenveg_X83_Y198,,,6,17,,,95,    0.083235
83,2,BARE SOIL-GREEN VEG,BareSoil_X199_Y142,pickleweed_X174_Y231,,,6,18,,,2,    0.001752
84,2,BARE SOIL-GREEN VEG,BareSoil_X199_Y142,pickleweed_X175_Y92,,,6,19,,,57,    0.049941
85,2,BARE SOIL-GREEN VEG,BareSoil_X199_Y142,Pickleweed_X176_Y92,,,6,20,,,1,    0.000876
86,2,BARE SOIL-GREEN VEG,BareSoil_X199_Y142,pickleweed_X184_Y134,,,6,21,,,249,    0.218165
87,2,BARE SOIL-GREEN VEG,BareSoil_X199_Y142,pickleweed_X189_Y52,,,6,22,,,10,    0.008762
88,2,BARE SOIL-GREEN VEG,BareSoil_X199_Y142,pickleweed_X201_Y133,,,6,23,,,84,    0.073598
89,2,BARE SOIL-GREEN VEG,BareSoil_X199_Y142,pickleweed_X215_Y133,,,6,24,,,2,    0.001752
90,2,BARE SOIL-GREEN VEG,BareSoil_X199_Y142,Uplands_X168_Y121,,,6,25,,,471,    0.412673
91,2,BARE SOIL-GREEN VEG,BareSoil_X199_Y142,Uplands_X188_Y51,,,6,26,,,57,    0.049941
92,2,BARE SOIL-GREEN VEG,baresoil_X202_Y138,greenveg_X186_Y103,,,7,14,,,151,    0.132301
93,2,BARE SOIL-GREEN VEG,baresoil_X202_Y138,greenveg_X218_Y247,,,7,15,,,16,    0.014019
94,2,BARE SOIL-GREEN VEG,baresoil_X202_Y138,greenveg_X225_Y41,,,7,16,,,1,    0.000876
95,2,BARE SOIL-GREEN VEG,baresoil_X202_Y138,greenveg_X83_Y198,,,7,17,,,92,    0.080607
96,2,BARE SOIL-GREEN VEG,baresoil_X202_Y138,pickleweed_X174_Y231,,,7,18,,,8,    0.007009
97,2,BARE SOIL-GREEN VEG,baresoil_X202_Y138,pickleweed_X175_Y92,,,7,19,,,12,    0.010514
98,2,BARE SOIL-GREEN VEG,baresoil_X202_Y138,Pickleweed_X176_Y92,,,7,20,,,0,0
99,2,BARE SOIL-GREEN VEG,baresoil_X202_Y138,pickleweed_X184_Y134,,,7,21,,,126,    0.110397
100,2,BARE SOIL-GREEN VEG,baresoil_X202_Y138,pickleweed_X189_Y52,,,7,22,,,13,    0.011390
101,2,BARE SOIL-GREEN VEG,baresoil_X202_Y138,pickleweed_X201_Y133,,,7,23,,,99,    0.086740
102,2,BARE SOIL-GREEN VEG,baresoil_X202_Y138,pickleweed_X215_Y133,,,7,24,,,1,    0.000876
103,2,BARE SOIL-GREEN VEG,baresoil_X202_Y138,Uplands_X168_Y121,,,7,25,,,438,    0.383759
104,2,BARE SOIL-GREEN VEG,baresoil_X202_Y138,Uplands_X188_Y51,,,7,26,,,184,    0.161214
105,2,BARE SOIL-GREEN VEG,baresoil_X203_Y146,greenveg_X186_Y103,,,8,14,,,83,    0.072722
106,2,BARE SOIL-GREEN VEG,baresoil_X203_Y146,greenveg_X218_Y247,,,8,15,,,61,    0.053446
107,2,BARE SOIL-GREEN VEG,baresoil_X203_Y146,greenveg_X225_Y41,,,8,16,,,7,    0.006133
108,2,BARE SOIL-GREEN VEG,baresoil_X203_Y146,greenveg_X83_Y198,,,8,17,,,2219,    1.944206
109,2,BARE SOIL-GREEN VEG,baresoil_X203_Y146,pickleweed_X174_Y231,,,8,18,,,14,    0.012266
110,2,BARE SOIL-GREEN VEG,baresoil_X203_Y146,pickleweed_X175_Y92,,,8,19,,,42,    0.036799
111,2,BARE SOIL-GREEN VEG,baresoil_X203_Y146,Pickleweed_X176_Y92,,,8,20,,,0,0
112,2,BARE SOIL-GREEN VEG,baresoil_X203_Y146,pickleweed_X184_Y134,,,8,21,,,274,    0.240069
113,2,BARE SOIL-GREEN VEG,baresoil_X203_Y146,pickleweed_X189_Y52,,,8,22,,,37,    0.032418
114,2,BARE SOIL-GREEN VEG,baresoil_X203_Y146,pickleweed_X201_Y133,,,8,23,,,270,    0.236564
115,2,BARE SOIL-GREEN VEG,baresoil_X203_Y146,pickleweed_X215_Y133,,,8,24,,,3,    0.002628
116,2,BARE SOIL-GREEN VEG,baresoil_X203_Y146,Uplands_X168_Y121,,,8,25,,,3404,    2.982459
117,2,BARE SOIL-GREEN VEG,baresoil_X203_Y146,Uplands_X188_Y51,,,8,26,,,2783,    2.438362
118,2,BARE SOIL-GREEN VEG,baresoil_X219_Y145,greenveg_X186_Y103,,,9,14,,,92,    0.080607
119,2,BARE SOIL-GREEN VEG,baresoil_X219_Y145,greenveg_X218_Y247,,,9,15,,,26,    0.022780
120,2,BARE SOIL-GREEN VEG,baresoil_X219_Y145,greenveg_X225_Y41,,,9,16,,,6,    0.005257
121,2,BARE SOIL-GREEN VEG,baresoil_X219_Y145,greenveg_X83_Y198,,,9,17,,,51,    0.044684
122,2,BARE SOIL-GREEN VEG,baresoil_X219_Y145,pickleweed_X174_Y231,,,9,18,,,5,    0.004381
123,2,BARE SOIL-GREEN VEG,baresoil_X219_Y145,pickleweed_X175_Y92,,,9,19,,,36,    0.031542
124,2,BARE SOIL-GREEN VEG,baresoil_X219_Y145,Pickleweed_X176_Y92,,,9,20,,,13,    0.011390
125,2,BARE SOIL-GREEN VEG,baresoil_X219_Y145,pickleweed_X184_Y134,,,9,21,,,72,    0.063084
126,2,BARE SOIL-GREEN VEG,baresoil_X219_Y145,pickleweed_X189_Y52,,,9,22,,,11,    0.009638
127,2,BARE SOIL-GREEN VEG,baresoil_X219_Y145,pickleweed_X201_Y133,,,9,23,,,75,    0.065712
128,2,BARE SOIL-GREEN VEG,baresoil_X219_Y145,pickleweed_X215_Y133,,,9,24,,,8,    0.007009
129,2,BARE SOIL-GREEN VEG,baresoil_X219_Y145,Uplands_X168_Y121,,,9,25,,,159,    0.139310
130,2,BARE SOIL-GREEN VEG,baresoil_X219_Y145,Uplands_X188_Y51,,,9,26,,,99,    0.086740
131,2,BARE SOIL-GREEN VEG,BareSoil_X219_Y150,greenveg_X186_Y103,,,10,14,,,2,    0.001752
132,2,BARE SOIL-GREEN VEG,BareSoil_X219_Y150,greenveg_X218_Y247,,,10,15,,,674,    0.590534
133,2,BARE SOIL-GREEN VEG,BareSoil_X219_Y150,greenveg_X225_Y41,,,10,16,,,6,    0.005257
134,2,BARE SOIL-GREEN VEG,BareSoil_X219_Y150,greenveg_X83_Y198,,,10,17,,,1,    0.000876
135,2,BARE SOIL-GREEN VEG,BareSoil_X219_Y150,pickleweed_X174_Y231,,,10,18,,,5,    0.004381
136,2,BARE SOIL-GREEN VEG,BareSoil_X219_Y150,pickleweed_X175_Y92,,,10,19,,,9,    0.007885
137,2,BARE SOIL-GREEN VEG,BareSoil_X219_Y150,Pickleweed_X176_Y92,,,10,20,,,3,    0.002628
138,2,BARE SOIL-GREEN VEG,BareSoil_X219_Y150,pickleweed_X184_Y134,,,10,21,,,31,    0.027161
139,2,BARE SOIL-GREEN VEG,BareSoil_X219_Y150,pickleweed_X189_Y52,,,10,22,,,6,    0.005257
140,2,BARE SOIL-GREEN VEG,BareSoil_X219_Y150,pickleweed_X201_Y133,,,10,23,,,35,    0.030666
141,2,BARE SOIL-GREEN VEG,BareSoil_X219_Y150,pickleweed_X215_Y133,,,10,24,,,0,0
142,2,BARE SOIL-GREEN VEG,BareSoil_X219_Y150,Uplands_X168_Y121,,,10,25,,,39,    0.034170
143,2,BARE SOIL-GREEN VEG,BareSoil_X219_Y150,Uplands_X188_Y51,,,10,26,,,10,    0.008762
144,2,BARE SOIL-GREEN VEG,BareSoil_X220_Y142,greenveg_X186_Y103,,,11,14,,,27,    0.023656
145,2,BARE SOIL-GREEN VEG,BareSoil_X220_Y142,greenveg_X218_Y247,,,11,15,,,820,    0.718454
146,2,BARE SOIL-GREEN VEG,BareSoil_X220_Y142,greenveg_X225_Y41,,,11,16,,,75,    0.065712
147,2,BARE SOIL-GREEN VEG,BareSoil_X220_Y142,greenveg_X83_Y198,,,11,17,,,15,    0.013142
148,2,BARE SOIL-GREEN VEG,BareSoil_X220_Y142,pickleweed_X174_Y231,,,11,18,,,6,    0.005257
149,2,BARE SOIL-GREEN VEG,BareSoil_X220_Y142,pickleweed_X175_Y92,,,11,19,,,99,    0.086740
150,2,BARE SOIL-GREEN VEG,BareSoil_X220_Y142,Pickleweed_X176_Y92,,,11,20,,,85,    0.074474
151,2,BARE SOIL-GREEN VEG,BareSoil_X220_Y142,pickleweed_X184_Y134,,,11,21,,,12,    0.010514
152,2,BARE SOIL-GREEN VEG,BareSoil_X220_Y142,pickleweed_X189_Y52,,,11,22,,,15,    0.013142
153,2,BARE SOIL-GREEN VEG,BareSoil_X220_Y142,pickleweed_X201_Y133,,,11,23,,,44,    0.038551
154,2,BARE SOIL-GREEN VEG,BareSoil_X220_Y142,pickleweed_X215_Y133,,,11,24,,,14,    0.012266
155,2,BARE SOIL-GREEN VEG,BareSoil_X220_Y142,Uplands_X168_Y121,,,11,25,,,391,    0.342580
156,2,BARE SOIL-GREEN VEG,BareSoil_X220_Y142,Uplands_X188_Y51,,,11,26,,,21,    0.018399
157,2,BARE SOIL-GREEN VEG,BareSoil_X225_Y62,greenveg_X186_Y103,,,12,14,,,4,    0.003505
158,2,BARE SOIL-GREEN VEG,BareSoil_X225_Y62,greenveg_X218_Y247,,,12,15,,,543,    0.475757
159,2,BARE SOIL-GREEN VEG,BareSoil_X225_Y62,greenveg_X225_Y41,,,12,16,,,31,    0.027161
160,2,BARE SOIL-GREEN VEG,BareSoil_X225_Y62,greenveg_X83_Y198,,,12,17,,,225,    0.197137
161,2,BARE SOIL-GREEN VEG,BareSoil_X225_Y62,pickleweed_X174_Y231,,,12,18,,,1,    0.000876
162,2,BARE SOIL-GREEN VEG,BareSoil_X225_Y62,pickleweed_X175_Y92,,,12,19,,,81,    0.070969
163,2,BARE SOIL-GREEN VEG,BareSoil_X225_Y62,Pickleweed_X176_Y92,,,12,20,,,10,    0.008762
164,2,BARE SOIL-GREEN VEG,BareSoil_X225_Y62,pickleweed_X184_Y134,,,12,21,,,74,    0.064836
165,2,BARE SOIL-GREEN VEG,BareSoil_X225_Y62,pickleweed_X189_Y52,,,12,22,,,6,    0.005257
166,2,BARE SOIL-GREEN VEG,BareSoil_X225_Y62,pickleweed_X201_Y133,,,12,23,,,29,    0.025409
167,2,BARE SOIL-GREEN VEG,BareSoil_X225_Y62,pickleweed_X215_Y133,,,12,24,,,4,    0.003505
168,2,BARE SOIL-GREEN VEG,BareSoil_X225_Y62,Uplands_X168_Y121,,,12,25,,,326,    0.285629
169,2,BARE SOIL-GREEN VEG,BareSoil_X225_Y62,Uplands_X188_Y51,,,12,26,,,151,    0.132301
170,2,BARE SOIL-GREEN VEG,soil_X168_Y150,greenveg_X186_Y103,,,13,14,,,66,    0.057827
171,2,BARE SOIL-GREEN VEG,soil_X168_Y150,greenveg_X218_Y247,,,13,15,,,51,    0.044684
172,2,BARE SOIL-GREEN VEG,soil_X168_Y150,greenveg_X225_Y41,,,13,16,,,9,    0.007885
173,2,BARE SOIL-GREEN VEG,soil_X168_Y150,greenveg_X83_Y198,,,13,17,,,21,    0.018399
174,2,BARE SOIL-GREEN VEG,soil_X168_Y150,pickleweed_X174_Y231,,,13,18,,,14,    0.012266
175,2,BARE SOIL-GREEN VEG,soil_X168_Y150,pickleweed_X175_Y92,,,13,19,,,17,    0.014895
176,2,BARE SOIL-GREEN VEG,soil_X168_Y150,Pickleweed_X176_Y92,,,13,20,,,5,    0.004381
177,2,BARE SOIL-GREEN VEG,soil_X168_Y150,pickleweed_X184_Y134,,,13,21,,,126,    0.110397
178,2,BARE SOIL-GREEN VEG,soil_X168_Y150,pickleweed_X189_Y52,,,13,22,,,28,    0.024533
179,2,BARE SOIL-GREEN VEG,soil_X168_Y150,pickleweed_X201_Y133,,,13,23,,,57,    0.049941
180,2,BARE SOIL-GREEN VEG,soil_X168_Y150,pickleweed_X215_Y133,,,13,24,,,16,    0.014019
181,2,BARE SOIL-GREEN VEG,soil_X168_Y150,Uplands_X168_Y121,,,13,25,,,114,    0.099883
182,2,BARE SOIL-GREEN VEG,soil_X168_Y150,Uplands_X188_Y51,,,13,26,,,34,    0.029790
183,2,BARE SOIL-NPV,baresoil_X171_Y167,,NPV_X130_Y187,,0,,27,,2990,    2.619728
184,2,BARE SOIL-NPV,baresoil_X171_Y167,,NPV_X151_Y331,,0,,28,,227,    0.198889
185,2,BARE SOIL-NPV,baresoil_X181_Y117,,NPV_X130_Y187,,1,,27,,210,    0.183994
186,2,BARE SOIL-NPV,baresoil_X181_Y117,,NPV_X151_Y331,,1,,28,,90,    0.078855
187,2,BARE SOIL-NPV,baresoil_X182_Y112,,NPV_X130_Y187,,2,,27,,234,    0.205022
188,2,BARE SOIL-NPV,baresoil_X182_Y112,,NPV_X151_Y331,,2,,28,,135,    0.118282
189,2,BARE SOIL-NPV,baresoil_X184_Y150,,NPV_X130_Y187,,3,,27,,416,    0.364484
190,2,BARE SOIL-NPV,baresoil_X184_Y150,,NPV_X151_Y331,,3,,28,,202,    0.176985
191,2,BARE SOIL-NPV,BareSoil_X191_Y113,,NPV_X130_Y187,,4,,27,,32,    0.028037
192,2,BARE SOIL-NPV,BareSoil_X191_Y113,,NPV_X151_Y331,,4,,28,,28,    0.024533
193,2,BARE SOIL-NPV,baresoil_X195_Y149,,NPV_X130_Y187,,5,,27,,266,    0.233059
194,2,BARE SOIL-NPV,baresoil_X195_Y149,,NPV_X151_Y331,,5,,28,,89,    0.077979
195,2,BARE SOIL-NPV,BareSoil_X199_Y142,,NPV_X130_Y187,,6,,27,,52,    0.045560
196,2,BARE SOIL-NPV,BareSoil_X199_Y142,,NPV_X151_Y331,,6,,28,,132,    0.115654
197,2,BARE SOIL-NPV,baresoil_X202_Y138,,NPV_X130_Y187,,7,,27,,160,    0.140186
198,2,BARE SOIL-NPV,baresoil_X202_Y138,,NPV_X151_Y331,,7,,28,,117,    0.102511
199,2,BARE SOIL-NPV,baresoil_X203_Y146,,NPV_X130_Y187,,8,,27,,2398,    2.101039
200,2,BARE SOIL-NPV,baresoil_X203_Y146,,NPV_X151_Y331,,8,,28,,307,    0.268982
201,2,BARE SOIL-NPV,baresoil_X219_Y145,,NPV_X130_Y187,,9,,27,,307,    0.268982
202,2,BARE SOIL-NPV,baresoil_X219_Y145,,NPV_X151_Y331,,9,,28,,89,    0.077979
203,2,BARE SOIL-NPV,BareSoil_X219_Y150,,NPV_X130_Y187,,10,,27,,1,    0.000876
204,2,BARE SOIL-NPV,BareSoil_X219_Y150,,NPV_X151_Y331,,10,,28,,1,    0.000876
205,2,BARE SOIL-NPV,BareSoil_X220_Y142,,NPV_X130_Y187,,11,,27,,6,    0.005257
206,2,BARE SOIL-NPV,BareSoil_X220_Y142,,NPV_X151_Y331,,11,,28,,8,    0.007009
207,2,BARE SOIL-NPV,BareSoil_X225_Y62,,NPV_X130_Y187,,12,,27,,23,    0.020152
208,2,BARE SOIL-NPV,BareSoil_X225_Y62,,NPV_X151_Y331,,12,,28,,21,    0.018399
209,2,BARE SOIL-NPV,soil_X168_Y150,,NPV_X130_Y187,,13,,27,,21,    0.018399
210,2,BARE SOIL-NPV,soil_X168_Y150,,NPV_X151_Y331,,13,,28,,16,    0.014019
211,2,BARE SOIL-WATER,baresoil_X171_Y167,,,Algae/Water_X166_Y190,0,,,29,79,    0.069217
212,2,BARE SOIL-WATER,baresoil_X171_Y167,,,Algae/Water_X173_Y223,0,,,30,0,0
213,2,BARE SOIL-WATER,baresoil_X171_Y167,,,algae_X161_Y225,0,,,31,9,    0.007885
214,2,BARE SOIL-WATER,baresoil_X171_Y167,,,algae_X169_Y184,0,,,32,5,    0.004381
215,2,BARE SOIL-WATER,baresoil_X171_Y167,,,algae_X175_Y212,0,,,33,6,    0.005257
216,2,BARE SOIL-WATER,baresoil_X171_Y167,,,algae_X180_Y227,0,,,34,2,    0.001752
217,2,BARE SOIL-WATER,baresoil_X171_Y167,,,algae_X180_Y235,0,,,35,26,    0.022780
218,2,BARE SOIL-WATER,baresoil_X171_Y167,,,algae_X193_Y210,0,,,36,37,    0.032418
219,2,BARE SOIL-WATER,baresoil_X171_Y167,,,shallowwater_X130_Y44,0,,,37,2,    0.001752
220,2,BARE SOIL-WATER,baresoil_X171_Y167,,,shallowwater_X172_Y158,0,,,38,131,    0.114777
221,2,BARE SOIL-WATER,baresoil_X171_Y167,,,shallowwater_X173_Y81,0,,,39,0,0
222,2,BARE SOIL-WATER,baresoil_X171_Y167,,,shallowwater_X180_Y160,0,,,40,2,    0.001752
223,2,BARE SOIL-WATER,baresoil_X171_Y167,,,shallowwater_X203_Y145,0,,,41,1,    0.000876
224,2,BARE SOIL-WATER,baresoil_X171_Y167,,,shallowwater_X207_Y145,0,,,42,0,0
225,2,BARE SOIL-WATER,baresoil_X171_Y167,,,Water_X172_Y208,0,,,43,52,    0.045560
226,2,BARE SOIL-WATER,baresoil_X171_Y167,,,Water_X192_Y177,0,,,44,0,0
227,2,BARE SOIL-WATER,baresoil_X171_Y167,,,Water_X204_Y145,0,,,45,0,0
228,2,BARE SOIL-WATER,baresoil_X171_Y167,,,Water_X216_Y154,0,,,46,2,    0.001752
229,2,BARE SOIL-WATER,baresoil_X181_Y117,,,Algae/Water_X166_Y190,1,,,29,2,    0.001752
230,2,BARE SOIL-WATER,baresoil_X181_Y117,,,Algae/Water_X173_Y223,1,,,30,12,    0.010514
231,2,BARE SOIL-WATER,baresoil_X181_Y117,,,algae_X161_Y225,1,,,31,49,    0.042932
232,2,BARE SOIL-WATER,baresoil_X181_Y117,,,algae_X169_Y184,1,,,32,13,    0.011390
233,2,BARE SOIL-WATER,baresoil_X181_Y117,,,algae_X175_Y212,1,,,33,21,    0.018399
234,2,BARE SOIL-WATER,baresoil_X181_Y117,,,algae_X180_Y227,1,,,34,314,    0.275115
235,2,BARE SOIL-WATER,baresoil_X181_Y117,,,algae_X180_Y235,1,,,35,241,    0.211155
236,2,BARE SOIL-WATER,baresoil_X181_Y117,,,algae_X193_Y210,1,,,36,48,    0.042056
237,2,BARE SOIL-WATER,baresoil_X181_Y117,,,shallowwater_X130_Y44,1,,,37,38,    0.033294
238,2,BARE SOIL-WATER,baresoil_X181_Y117,,,shallowwater_X172_Y158,1,,,38,402,    0.352218
239,2,BARE SOIL-WATER,baresoil_X181_Y117,,,shallowwater_X173_Y81,1,,,39,14,    0.012266
240,2,BARE SOIL-WATER,baresoil_X181_Y117,,,shallowwater_X180_Y160,1,,,40,8,    0.007009
241,2,BARE SOIL-WATER,baresoil_X181_Y117,,,shallowwater_X203_Y145,1,,,41,2,    0.001752
242,2,BARE SOIL-WATER,baresoil_X181_Y117,,,shallowwater_X207_Y145,1,,,42,18,    0.015771
243,2,BARE SOIL-WATER,baresoil_X181_Y117,,,Water_X172_Y208,1,,,43,99,    0.086740
244,2,BARE SOIL-WATER,baresoil_X181_Y117,,,Water_X192_Y177,1,,,44,4,    0.003505
245,2,BARE SOIL-WATER,baresoil_X181_Y117,,,Water_X204_Y145,1,,,45,132,    0.115654
246,2,BARE SOIL-WATER,baresoil_X181_Y117,,,Water_X216_Y154,1,,,46,15,    0.013142
247,2,BARE SOIL-WATER,baresoil_X182_Y112,,,Algae/Water_X166_Y190,2,,,29,7,    0.006133
248,2,BARE SOIL-WATER,baresoil_X182_Y112,,,Algae/Water_X173_Y223,2,,,30,33,    0.028913
249,2,BARE SOIL-WATER,baresoil_X182_Y112,,,algae_X161_Y225,2,,,31,361,    0.316295
250,2,BARE SOIL-WATER,baresoil_X182_Y112,,,algae_X169_Y184,2,,,32,14,    0.012266
251,2,BARE SOIL-WATER,baresoil_X182_Y112,,,algae_X175_Y212,2,,,33,22,    0.019276
252,2,BARE SOIL-WATER,baresoil_X182_Y112,,,algae_X180_Y227,2,,,34,126,    0.110397
253,2,BARE SOIL-WATER,baresoil_X182_Y112,,,algae_X180_Y235,2,,,35,676,    0.592286
254,2,BARE SOIL-WATER,baresoil_X182_Y112,,,algae_X193_Y210,2,,,36,293,    0.256716
255,2,BARE SOIL-WATER,baresoil_X182_Y112,,,shallowwater_X130_Y44,2,,,37,56,    0.049065
256,2,BARE SOIL-WATER,baresoil_X182_Y112,,,shallowwater_X172_Y158,2,,,38,1244,    1.089947
257,2,BARE SOIL-WATER,baresoil_X182_Y112,,,shallowwater_X173_Y81,2,,,39,33,    0.028913
258,2,BARE SOIL-WATER,baresoil_X182_Y112,,,shallowwater_X180_Y160,2,,,40,28,    0.024533
259,2,BARE SOIL-WATER,baresoil_X182_Y112,,,shallowwater_X203_Y145,2,,,41,6,    0.005257
260,2,BARE SOIL-WATER,baresoil_X182_Y112,,,shallowwater_X207_Y145,2,,,42,146,    0.127920
261,2,BARE SOIL-WATER,baresoil_X182_Y112,,,Water_X172_Y208,2,,,43,916,    0.802565
262,2,BARE SOIL-WATER,baresoil_X182_Y112,,,Water_X192_Y177,2,,,44,19,    0.016647
263,2,BARE SOIL-WATER,baresoil_X182_Y112,,,Water_X204_Y145,2,,,45,224,    0.196261
264,2,BARE SOIL-WATER,baresoil_X182_Y112,,,Water_X216_Y154,2,,,46,48,    0.042056
265,2,BARE SOIL-WATER,baresoil_X184_Y150,,,Algae/Water_X166_Y190,3,,,29,180,    0.157709
266,2,BARE SOIL-WATER,baresoil_X184_Y150,,,Algae/Water_X173_Y223,3,,,30,125,    0.109520
267,2,BARE SOIL-WATER,baresoil_X184_Y150,,,algae_X161_Y225,3,,,31,23,    0.020152
268,2,BARE SOIL-WATER,baresoil_X184_Y150,,,algae_X169_Y184,3,,,32,25,    0.021904
269,2,BARE SOIL-WATER,baresoil_X184_Y150,,,algae_X175_Y212,3,,,33,175,    0.153329
270,2,BARE SOIL-WATER,baresoil_X184_Y150,,,algae_X180_Y227,3,,,34,115,    0.100759
271,2,BARE SOIL-WATER,baresoil_X184_Y150,,,algae_X180_Y235,3,,,35,103,    0.090245
272,2,BARE SOIL-WATER,baresoil_X184_Y150,,,algae_X193_Y210,3,,,36,154,    0.134929
273,2,BARE SOIL-WATER,baresoil_X184_Y150,,,shallowwater_X130_Y44,3,,,37,9,    0.007885
274,2,BARE SOIL-WATER,baresoil_X184_Y150,,,shallowwater_X172_Y158,3,,,38,239,    0.209403
275,2,BARE SOIL-WATER,baresoil_X184_Y150,,,shallowwater_X173_Y81,3,,,39,22,    0.019276
276,2,BARE SOIL-WATER,baresoil_X184_Y150,,,shallowwater_X180_Y160,3,,,40,5,    0.004381
277,2,BARE SOIL-WATER,baresoil_X184_Y150,,,shallowwater_X203_Y145,3,,,41,2,    0.001752
278,2,BARE SOIL-WATER,baresoil_X184_Y150,,,shallowwater_X207_Y145,3,,,42,35,    0.030666
279,2,BARE SOIL-WATER,baresoil_X184_Y150,,,Water_X172_Y208,3,,,43,321,    0.281248
280,2,BARE SOIL-WATER,baresoil_X184_Y150,,,Water_X192_Y177,3,,,44,0,0
281,2,BARE SOIL-WATER,baresoil_X184_Y150,,,Water_X204_Y145,3,,,45,176,    0.154205
282,2,BARE SOIL-WATER,baresoil_X184_Y150,,,Water_X216_Y154,3,,,46,101,    0.088492
283,2,BARE SOIL-WATER,BareSoil_X191_Y113,,,Algae/Water_X166_Y190,4,,,29,28,    0.024533
284,2,BARE SOIL-WATER,BareSoil_X191_Y113,,,Algae/Water_X173_Y223,4,,,30,0,0
285,2,BARE SOIL-WATER,BareSoil_X191_Y113,,,algae_X161_Y225,4,,,31,4,    0.003505
286,2,BARE SOIL-WATER,BareSoil_X191_Y113,,,algae_X169_Y184,4,,,32,29,    0.025409
287,2,BARE SOIL-WATER,BareSoil_X191_Y113,,,algae_X175_Y212,4,,,33,1,    0.000876
288,2,BARE SOIL-WATER,BareSoil_X191_Y113,,,algae_X180_Y227,4,,,34,26,    0.022780
289,2,BARE SOIL-WATER,BareSoil_X191_Y113,,,algae_X180_Y235,4,,,35,1,    0.000876
290,2,BARE SOIL-WATER,BareSoil_X191_Y113,,,algae_X193_Y210,4,,,36,5,    0.004381
291,2,BARE SOIL-WATER,BareSoil_X191_Y113,,,shallowwater_X130_Y44,4,,,37,9,    0.007885
292,2,BARE SOIL-WATER,BareSoil_X191_Y113,,,shallowwater_X172_Y158,4,,,38,119,    0.104263
293,2,BARE SOIL-WATER,BareSoil_X191_Y113,,,shallowwater_X173_Y81,4,,,39,15,    0.013142
294,2,BARE SOIL-WATER,BareSoil_X191_Y113,,,shallowwater_X180_Y160,4,,,40,8,    0.007009
295,2,BARE SOIL-WATER,BareSoil_X191_Y113,,,shallowwater_X203_Y145,4,,,41,2,    0.001752
296,2,BARE SOIL-WATER,BareSoil_X191_Y113,,,shallowwater_X207_Y145,4,,,42,1,    0.000876
297,2,BARE SOIL-WATER,BareSoil_X191_Y113,,,Water_X172_Y208,4,,,43,148,    0.129672
298,2,BARE SOIL-WATER,BareSoil_X191_Y113,,,Water_X192_Y177,4,,,44,0,0
299,2,BARE SOIL-WATER,BareSoil_X191_Y113,,,Water_X204_Y145,4,,,45,4,    0.003505
300,2,BARE SOIL-WATER,BareSoil_X191_Y113,,,Water_X216_Y154,4,,,46,4,    0.003505
301,2,BARE SOIL-WATER,baresoil_X195_Y149,,,Algae/Water_X166_Y190,5,,,29,4,    0.003505
302,2,BARE SOIL-WATER,baresoil_X195_Y149,,,Algae/Water_X173_Y223,5,,,30,3,    0.002628
303,2,BARE SOIL-WATER,baresoil_X195_Y149,,,algae_X161_Y225,5,,,31,3,    0.002628
304,2,BARE SOIL-WATER,baresoil_X195_Y149,,,algae_X169_Y184,5,,,32,7,    0.006133
305,2,BARE SOIL-WATER,baresoil_X195_Y149,,,algae_X175_Y212,5,,,33,3,    0.002628
306,2,BARE SOIL-WATER,baresoil_X195_Y149,,,algae_X180_Y227,5,,,34,33,    0.028913
307,2,BARE SOIL-WATER,baresoil_X195_Y149,,,algae_X180_Y235,5,,,35,0,0
308,2,BARE SOIL-WATER,baresoil_X195_Y149,,,algae_X193_Y210,5,,,36,13,    0.011390
309,2,BARE SOIL-WATER,baresoil_X195_Y149,,,shallowwater_X130_Y44,5,,,37,5,    0.004381
310,2,BARE SOIL-WATER,baresoil_X195_Y149,,,shallowwater_X172_Y158,5,,,38,18,    0.015771
311,2,BARE SOIL-WATER,baresoil_X195_Y149,,,shallowwater_X173_Y81,5,,,39,25,    0.021904
312,2,BARE SOIL-WATER,baresoil_X195_Y149,,,shallowwater_X180_Y160,5,,,40,0,0
313,2,BARE SOIL-WATER,baresoil_X195_Y149,,,shallowwater_X203_Y145,5,,,41,0,0
314,2,BARE SOIL-WATER,baresoil_X195_Y149,,,shallowwater_X207_Y145,5,,,42,1,    0.000876
315,2,BARE SOIL-WATER,baresoil_X195_Y149,,,Water_X172_Y208,5,,,43,3,    0.002628
316,2,BARE SOIL-WATER,baresoil_X195_Y149,,,Water_X192_Y177,5,,,44,0,0
317,2,BARE SOIL-WATER,baresoil_X195_Y149,,,Water_X204_Y145,5,,,45,4,    0.003505
318,2,BARE SOIL-WATER,baresoil_X195_Y149,,,Water_X216_Y154,5,,,46,0,0
319,2,BARE SOIL-WATER,BareSoil_X199_Y142,,,Algae/Water_X166_Y190,6,,,29,0,0
320,2,BARE SOIL-WATER,BareSoil_X199_Y142,,,Algae/Water_X173_Y223,6,,,30,2,    0.001752
321,2,BARE SOIL-WATER,BareSoil_X199_Y142,,,algae_X161_Y225,6,,,31,0,0
322,2,BARE SOIL-WATER,BareSoil_X199_Y142,,,algae_X169_Y184,6,,,32,2,    0.001752
323,2,BARE SOIL-WATER,BareSoil_X199_Y142,,,algae_X175_Y212,6,,,33,1,    0.000876
324,2,BARE SOIL-WATER,BareSoil_X199_Y142,,,algae_X180_Y227,6,,,34,64,    0.056074
325,2,BARE SOIL-WATER,BareSoil_X199_Y142,,,algae_X180_Y235,6,,,35,27,    0.023656
326,2,BARE SOIL-WATER,BareSoil_X199_Y142,,,algae_X193_Y210,6,,,36,25,    0.021904
327,2,BARE SOIL-WATER,BareSoil_X199_Y142,,,shallowwater_X130_Y44,6,,,37,22,    0.019276
328,2,BARE SOIL-WATER,BareSoil_X199_Y142,,,shallowwater_X172_Y158,6,,,38,55,    0.048189
329,2,BARE SOIL-WATER,BareSoil_X199_Y142,,,shallowwater_X173_Y81,6,,,39,113,    0.099006
330,2,BARE SOIL-WATER,BareSoil_X199_Y142,,,shallowwater_X180_Y160,6,,,40,17,    0.014895
331,2,BARE SOIL-WATER,BareSoil_X199_Y142,,,shallowwater_X203_Y145,6,,,41,4,    0.003505
332,2,BARE SOIL-WATER,BareSoil_X199_Y142,,,shallowwater_X207_Y145,6,,,42,1,    0.000876
333,2,BARE SOIL-WATER,BareSoil_X199_Y142,,,Water_X172_Y208,6,,,43,5,    0.004381
334,2,BARE SOIL-WATER,BareSoil_X199_Y142,,,Water_X192_Y177,6,,,44,2,    0.001752
335,2,BARE SOIL-WATER,BareSoil_X199_Y142,,,Water_X204_Y145,6,,,45,15,    0.013142
336,2,BARE SOIL-WATER,BareSoil_X199_Y142,,,Water_X216_Y154,6,,,46,2,    0.001752
337,2,BARE SOIL-WATER,baresoil_X202_Y138,,,Algae/Water_X166_Y190,7,,,29,10,    0.008762
338,2,BARE SOIL-WATER,baresoil_X202_Y138,,,Algae/Water_X173_Y223,7,,,30,0,0
339,2,BARE SOIL-WATER,baresoil_X202_Y138,,,algae_X161_Y225,7,,,31,0,0
340,2,BARE SOIL-WATER,baresoil_X202_Y138,,,algae_X169_Y184,7,,,32,10,    0.008762
341,2,BARE SOIL-WATER,baresoil_X202_Y138,,,algae_X175_Y212,7,,,33,0,0
342,2,BARE SOIL-WATER,baresoil_X202_Y138,,,algae_X180_Y227,7,,,34,182,    0.159462
343,2,BARE SOIL-WATER,baresoil_X202_Y138,,,algae_X180_Y235,7,,,35,1,    0.000876
344,2,BARE SOIL-WATER,baresoil_X202_Y138,,,algae_X193_Y210,7,,,36,9,    0.007885
345,2,BARE SOIL-WATER,baresoil_X202_Y138,,,shallowwater_X130_Y44,7,,,37,28,    0.024533
346,2,BARE SOIL-WATER,baresoil_X202_Y138,,,shallowwater_X172_Y158,7,,,38,31,    0.027161
347,2,BARE SOIL-WATER,baresoil_X202_Y138,,,shallowwater_X173_Y81,7,,,39,66,    0.057827
348,2,BARE SOIL-WATER,baresoil_X202_Y138,,,shallowwater_X180_Y160,7,,,40,2,    0.001752
349,2,BARE SOIL-WATER,baresoil_X202_Y138,,,shallowwater_X203_Y145,7,,,41,2,    0.001752
350,2,BARE SOIL-WATER,baresoil_X202_Y138,,,shallowwater_X207_Y145,7,,,42,0,0
351,2,BARE SOIL-WATER,baresoil_X202_Y138,,,Water_X172_Y208,7,,,43,12,    0.010514
352,2,BARE SOIL-WATER,baresoil_X202_Y138,,,Water_X192_Y177,7,,,44,0,0
353,2,BARE SOIL-WATER,baresoil_X202_Y138,,,Water_X204_Y145,7,,,45,0,0
354,2,BARE SOIL-WATER,baresoil_X202_Y138,,,Water_X216_Y154,7,,,46,1,    0.000876
355,2,BARE SOIL-WATER,baresoil_X203_Y146,,,Algae/Water_X166_Y190,8,,,29,9,    0.007885
356,2,BARE SOIL-WATER,baresoil_X203_Y146,,,Algae/Water_X173_Y223,8,,,30,0,0
357,2,BARE SOIL-WATER,baresoil_X203_Y146,,,algae_X161_Y225,8,,,31,0,0
358,2,BARE SOIL-WATER,baresoil_X203_Y146,,,algae_X169_Y184,8,,,32,1,    0.000876
359,2,BARE SOIL-WATER,baresoil_X203_Y146,,,algae_X175_Y212,8,,,33,0,0
360,2,BARE SOIL-WATER,baresoil_X203_Y146,,,algae_X180_Y227,8,,,34,13,    0.011390
361,2,BARE SOIL-WATER,baresoil_X203_Y146,,,algae_X180_Y235,8,,,35,0,0
362,2,BARE SOIL-WATER,baresoil_X203_Y146,,,algae_X193_Y210,8,,,36,3,    0.002628
363,2,BARE SOIL-WATER,baresoil_X203_Y146,,,shallowwater_X130_Y44,8,,,37,3,    0.002628
364,2,BARE SOIL-WATER,baresoil_X203_Y146,,,shallowwater_X172_Y158,8,,,38,12,    0.010514
365,2,BARE SOIL-WATER,baresoil_X203_Y146,,,shallowwater_X173_Y81,8,,,39,1,    0.000876
366,2,BARE SOIL-WATER,baresoil_X203_Y146,,,shallowwater_X180_Y160,8,,,40,0,0
367,2,BARE SOIL-WATER,baresoil_X203_Y146,,,shallowwater_X203_Y145,8,,,41,0,0
368,2,BARE SOIL-WATER,baresoil_X203_Y146,,,shallowwater_X207_Y145,8,,,42,0,0
369,2,BARE SOIL-WATER,baresoil_X203_Y146,,,Water_X172_Y208,8,,,43,8,    0.007009
370,2,BARE SOIL-WATER,baresoil_X203_Y146,,,Water_X192_Y177,8,,,44,0,0
371,2,BARE SOIL-WATER,baresoil_X203_Y146,,,Water_X204_Y145,8,,,45,0,0
372,2,BARE SOIL-WATER,baresoil_X203_Y146,,,Water_X216_Y154,8,,,46,0,0
373,2,BARE SOIL-WATER,baresoil_X219_Y145,,,Algae/Water_X166_Y190,9,,,29,161,    0.141062
374,2,BARE SOIL-WATER,baresoil_X219_Y145,,,Algae/Water_X173_Y223,9,,,30,1,    0.000876
375,2,BARE SOIL-WATER,baresoil_X219_Y145,,,algae_X161_Y225,9,,,31,13,    0.011390
376,2,BARE SOIL-WATER,baresoil_X219_Y145,,,algae_X169_Y184,9,,,32,18,    0.015771
377,2,BARE SOIL-WATER,baresoil_X219_Y145,,,algae_X175_Y212,9,,,33,25,    0.021904
378,2,BARE SOIL-WATER,baresoil_X219_Y145,,,algae_X180_Y227,9,,,34,37,    0.032418
379,2,BARE SOIL-WATER,baresoil_X219_Y145,,,algae_X180_Y235,9,,,35,13,    0.011390
380,2,BARE SOIL-WATER,baresoil_X219_Y145,,,algae_X193_Y210,9,,,36,26,    0.022780
381,2,BARE SOIL-WATER,baresoil_X219_Y145,,,shallowwater_X130_Y44,9,,,37,12,    0.010514
382,2,BARE SOIL-WATER,baresoil_X219_Y145,,,shallowwater_X172_Y158,9,,,38,575,    0.503794
383,2,BARE SOIL-WATER,baresoil_X219_Y145,,,shallowwater_X173_Y81,9,,,39,371,    0.325057
384,2,BARE SOIL-WATER,baresoil_X219_Y145,,,shallowwater_X180_Y160,9,,,40,11,    0.009638
385,2,BARE SOIL-WATER,baresoil_X219_Y145,,,shallowwater_X203_Y145,9,,,41,1,    0.000876
386,2,BARE SOIL-WATER,baresoil_X219_Y145,,,shallowwater_X207_Y145,9,,,42,2,    0.001752
387,2,BARE SOIL-WATER,baresoil_X219_Y145,,,Water_X172_Y208,9,,,43,369,    0.323304
388,2,BARE SOIL-WATER,baresoil_X219_Y145,,,Water_X192_Y177,9,,,44,0,0
389,2,BARE SOIL-WATER,baresoil_X219_Y145,,,Water_X204_Y145,9,,,45,74,    0.064836
390,2,BARE SOIL-WATER,baresoil_X219_Y145,,,Water_X216_Y154,9,,,46,25,    0.021904
391,2,BARE SOIL-WATER,BareSoil_X219_Y150,,,Algae/Water_X166_Y190,10,,,29,103,    0.090245
392,2,BARE SOIL-WATER,BareSoil_X219_Y150,,,Algae/Water_X173_Y223,10,,,30,42,    0.036799
393,2,BARE SOIL-WATER,BareSoil_X219_Y150,,,algae_X161_Y225,10,,,31,11,    0.009638
394,2,BARE SOIL-WATER,BareSoil_X219_Y150,,,algae_X169_Y184,10,,,32,4,    0.003505
395,2,BARE SOIL-WATER,BareSoil_X219_Y150,,,algae_X175_Y212,10,,,33,244,    0.213784
396,2,BARE SOIL-WATER,BareSoil_X219_Y150,,,algae_X180_Y227,10,,,34,76,    0.066588
397,2,BARE SOIL-WATER,BareSoil_X219_Y150,,,algae_X180_Y235,10,,,35,13,    0.011390
398,2,BARE SOIL-WATER,BareSoil_X219_Y150,,,algae_X193_Y210,10,,,36,82,    0.071845
399,2,BARE SOIL-WATER,BareSoil_X219_Y150,,,shallowwater_X130_Y44,10,,,37,32,    0.028037
400,2,BARE SOIL-WATER,BareSoil_X219_Y150,,,shallowwater_X172_Y158,10,,,38,31,    0.027161
401,2,BARE SOIL-WATER,BareSoil_X219_Y150,,,shallowwater_X173_Y81,10,,,39,42,    0.036799
402,2,BARE SOIL-WATER,BareSoil_X219_Y150,,,shallowwater_X180_Y160,10,,,40,877,    0.768395
403,2,BARE SOIL-WATER,BareSoil_X219_Y150,,,shallowwater_X203_Y145,10,,,41,18,    0.015771
404,2,BARE SOIL-WATER,BareSoil_X219_Y150,,,shallowwater_X207_Y145,10,,,42,73,    0.063960
405,2,BARE SOIL-WATER,BareSoil_X219_Y150,,,Water_X172_Y208,10,,,43,163,    0.142815
406,2,BARE SOIL-WATER,BareSoil_X219_Y150,,,Water_X192_Y177,10,,,44,3,    0.002628
407,2,BARE SOIL-WATER,BareSoil_X219_Y150,,,Water_X204_Y145,10,,,45,353,    0.309286
408,2,BARE SOIL-WATER,BareSoil_X219_Y150,,,Water_X216_Y154,10,,,46,85,    0.074474
409,2,BARE SOIL-WATER,BareSoil_X220_Y142,,,Algae/Water_X166_Y190,11,,,29,1312,    1.149526
410,2,BARE SOIL-WATER,BareSoil_X220_Y142,,,Algae/Water_X173_Y223,11,,,30,51,    0.044684
411,2,BARE SOIL-WATER,BareSoil_X220_Y142,,,algae_X161_Y225,11,,,31,35,    0.030666
412,2,BARE SOIL-WATER,BareSoil_X220_Y142,,,algae_X169_Y184,11,,,32,157,    0.137558
413,2,BARE SOIL-WATER,BareSoil_X220_Y142,,,algae_X175_Y212,11,,,33,354,    0.310162
414,2,BARE SOIL-WATER,BareSoil_X220_Y142,,,algae_X180_Y227,11,,,34,47,    0.041180
415,2,BARE SOIL-WATER,BareSoil_X220_Y142,,,algae_X180_Y235,11,,,35,84,    0.073598
416,2,BARE SOIL-WATER,BareSoil_X220_Y142,,,algae_X193_Y210,11,,,36,261,    0.228679
417,2,BARE SOIL-WATER,BareSoil_X220_Y142,,,shallowwater_X130_Y44,11,,,37,6,    0.005257
418,2,BARE SOIL-WATER,BareSoil_X220_Y142,,,shallowwater_X172_Y158,11,,,38,644,    0.564249
419,2,BARE SOIL-WATER,BareSoil_X220_Y142,,,shallowwater_X173_Y81,11,,,39,63,    0.055198
420,2,BARE SOIL-WATER,BareSoil_X220_Y142,,,shallowwater_X180_Y160,11,,,40,7,    0.006133
421,2,BARE SOIL-WATER,BareSoil_X220_Y142,,,shallowwater_X203_Y145,11,,,41,0,0
422,2,BARE SOIL-WATER,BareSoil_X220_Y142,,,shallowwater_X207_Y145,11,,,42,53,    0.046437
423,2,BARE SOIL-WATER,BareSoil_X220_Y142,,,Water_X172_Y208,11,,,43,10342,    9.061279
424,2,BARE SOIL-WATER,BareSoil_X220_Y142,,,Water_X192_Y177,11,,,44,4,    0.003505
425,2,BARE SOIL-WATER,BareSoil_X220_Y142,,,Water_X204_Y145,11,,,45,496,    0.434577
426,2,BARE SOIL-WATER,BareSoil_X220_Y142,,,Water_X216_Y154,11,,,46,802,    0.702683
427,2,BARE SOIL-WATER,BareSoil_X225_Y62,,,Algae/Water_X166_Y190,12,,,29,0,0
428,2,BARE SOIL-WATER,BareSoil_X225_Y62,,,Algae/Water_X173_Y223,12,,,30,5,    0.004381
429,2,BARE SOIL-WATER,BareSoil_X225_Y62,,,algae_X161_Y225,12,,,31,16,    0.014019
430,2,BARE SOIL-WATER,BareSoil_X225_Y62,,,algae_X169_Y184,12,,,32,2,    0.001752
431,2,BARE SOIL-WATER,BareSoil_X225_Y62,,,algae_X175_Y212,12,,,33,36,    0.031542
432,2,BARE SOIL-WATER,BareSoil_X225_Y62,,,algae_X180_Y227,12,,,34,57,    0.049941
433,2,BARE SOIL-WATER,BareSoil_X225_Y62,,,algae_X180_Y235,12,,,35,124,    0.108644
434,2,BARE SOIL-WATER,BareSoil_X225_Y62,,,algae_X193_Y210,12,,,36,122,    0.106892
435,2,BARE SOIL-WATER,BareSoil_X225_Y62,,,shallowwater_X130_Y44,12,,,37,8,    0.007009
436,2,BARE SOIL-WATER,BareSoil_X225_Y62,,,shallowwater_X172_Y158,12,,,38,44,    0.038551
437,2,BARE SOIL-WATER,BareSoil_X225_Y62,,,shallowwater_X173_Y81,12,,,39,5,    0.004381
438,2,BARE SOIL-WATER,BareSoil_X225_Y62,,,shallowwater_X180_Y160,12,,,40,15,    0.013142
439,2,BARE SOIL-WATER,BareSoil_X225_Y62,,,shallowwater_X203_Y145,12,,,41,1,    0.000876
440,2,BARE SOIL-WATER,BareSoil_X225_Y62,,,shallowwater_X207_Y145,12,,,42,12,    0.010514
441,2,BARE SOIL-WATER,BareSoil_X225_Y62,,,Water_X172_Y208,12,,,43,32,    0.028037
442,2,BARE SOIL-WATER,BareSoil_X225_Y62,,,Water_X192_Y177,12,,,44,0,0
443,2,BARE SOIL-WATER,BareSoil_X225_Y62,,,Water_X204_Y145,12,,,45,273,    0.239193
444,2,BARE SOIL-WATER,BareSoil_X225_Y62,,,Water_X216_Y154,12,,,46,25,    0.021904
445,2,BARE SOIL-WATER,soil_X168_Y150,,,Algae/Water_X166_Y190,13,,,29,28,    0.024533
446,2,BARE SOIL-WATER,soil_X168_Y150,,,Algae/Water_X173_Y223,13,,,30,16,    0.014019
447,2,BARE SOIL-WATER,soil_X168_Y150,,,algae_X161_Y225,13,,,31,40,    0.035047
448,2,BARE SOIL-WATER,soil_X168_Y150,,,algae_X169_Y184,13,,,32,29,    0.025409
449,2,BARE SOIL-WATER,soil_X168_Y150,,,algae_X175_Y212,13,,,33,65,    0.056951
450,2,BARE SOIL-WATER,soil_X168_Y150,,,algae_X180_Y227,13,,,34,171,    0.149824
451,2,BARE SOIL-WATER,soil_X168_Y150,,,algae_X180_Y235,13,,,35,35,    0.030666
452,2,BARE SOIL-WATER,soil_X168_Y150,,,algae_X193_Y210,13,,,36,220,    0.192756
453,2,BARE SOIL-WATER,soil_X168_Y150,,,shallowwater_X130_Y44,13,,,37,15,    0.013142
454,2,BARE SOIL-WATER,soil_X168_Y150,,,shallowwater_X172_Y158,13,,,38,224,    0.196261
455,2,BARE SOIL-WATER,soil_X168_Y150,,,shallowwater_X173_Y81,13,,,39,103,    0.090245
456,2,BARE SOIL-WATER,soil_X168_Y150,,,shallowwater_X180_Y160,13,,,40,26,    0.022780
457,2,BARE SOIL-WATER,soil_X168_Y150,,,shallowwater_X203_Y145,13,,,41,2,    0.001752
458,2,BARE SOIL-WATER,soil_X168_Y150,,,shallowwater_X207_Y145,13,,,42,27,    0.023656
459,2,BARE SOIL-WATER,soil_X168_Y150,,,Water_X172_Y208,13,,,43,465,    0.407416
460,2,BARE SOIL-WATER,soil_X168_Y150,,,Water_X192_Y177,13,,,44,1,    0.000876
461,2,BARE SOIL-WATER,soil_X168_Y150,,,Water_X204_Y145,13,,,45,234,    0.205022
462,2,BARE SOIL-WATER,soil_X168_Y150,,,Water_X216_Y154,13,,,46,106,    0.092873
463,2,GREEN VEG-NPV,,greenveg_X186_Y103,NPV_X130_Y187,,,14,27,,560,    0.490651
464,2,GREEN VEG-NPV,,greenveg_X186_Y103,NPV_X151_Y331,,,14,28,,5,    0.004381
465,2,GREEN VEG-NPV,,greenveg_X218_Y247,NPV_X130_Y187,,,15,27,,1294,    1.133755
466,2,GREEN VEG-NPV,,greenveg_X218_Y247,NPV_X151_Y331,,,15,28,,1922,    1.683985
467,2,GREEN VEG-NPV,,greenveg_X225_Y41,NPV_X130_Y187,,,16,27,,54,    0.047313
468,2,GREEN VEG-NPV,,greenveg_X225_Y41,NPV_X151_Y331,,,16,28,,9,    0.007885
469,2,GREEN VEG-NPV,,greenveg_X83_Y198,NPV_X130_Y187,,,17,27,,2091,    1.832057
470,2,GREEN VEG-NPV,,greenveg_X83_Y198,NPV_X151_Y331,,,17,28,,14,    0.012266
471,2,GREEN VEG-NPV,,pickleweed_X174_Y231,NPV_X130_Y187,,,18,27,,194,    0.169976
472,2,GREEN VEG-NPV,,pickleweed_X174_Y231,NPV_X151_Y331,,,18,28,,11,    0.009638
473,2,GREEN VEG-NPV,,pickleweed_X175_Y92,NPV_X130_Y187,,,19,27,,45,    0.039427
474,2,GREEN VEG-NPV,,pickleweed_X175_Y92,NPV_X151_Y331,,,19,28,,23,    0.020152
475,2,GREEN VEG-NPV,,Pickleweed_X176_Y92,NPV_X130_Y187,,,20,27,,4,    0.003505
476,2,GREEN VEG-NPV,,Pickleweed_X176_Y92,NPV_X151_Y331,,,20,28,,1,    0.000876
477,2,GREEN VEG-NPV,,pickleweed_X184_Y134,NPV_X130_Y187,,,21,27,,4063,    3.559850
478,2,GREEN VEG-NPV,,pickleweed_X184_Y134,NPV_X151_Y331,,,21,28,,752,    0.658875
479,2,GREEN VEG-NPV,,pickleweed_X189_Y52,NPV_X130_Y187,,,22,27,,220,    0.192756
480,2,GREEN VEG-NPV,,pickleweed_X189_Y52,NPV_X151_Y331,,,22,28,,114,    0.099883
481,2,GREEN VEG-NPV,,pickleweed_X201_Y133,NPV_X130_Y187,,,23,27,,5798,    5.079994
482,2,GREEN VEG-NPV,,pickleweed_X201_Y133,NPV_X151_Y331,,,23,28,,1683,    1.474583
483,2,GREEN VEG-NPV,,pickleweed_X215_Y133,NPV_X130_Y187,,,24,27,,35,    0.030666
484,2,GREEN VEG-NPV,,pickleweed_X215_Y133,NPV_X151_Y331,,,24,28,,14,    0.012266
485,2,GREEN VEG-NPV,,Uplands_X168_Y121,NPV_X130_Y187,,,25,27,,4898,    4.291447
486,2,GREEN VEG-NPV,,Uplands_X168_Y121,NPV_X151_Y331,,,25,28,,183,    0.160338
487,2,GREEN VEG-NPV,,Uplands_X188_Y51,NPV_X130_Y187,,,26,27,,2482,    2.174637
488,2,GREEN VEG-NPV,,Uplands_X188_Y51,NPV_X151_Y331,,,26,28,,192,    0.168223
489,2,GREEN VEG-WATER,,greenveg_X186_Y103,,Algae/Water_X166_Y190,,14,,29,2,    0.001752
490,2,GREEN VEG-WATER,,greenveg_X186_Y103,,Algae/Water_X173_Y223,,14,,30,5,    0.004381
491,2,GREEN VEG-WATER,,greenveg_X186_Y103,,algae_X161_Y225,,14,,31,4,    0.003505
492,2,GREEN VEG-WATER,,greenveg_X186_Y103,,algae_X169_Y184,,14,,32,4,    0.003505
493,2,GREEN VEG-WATER,,greenveg_X186_Y103,,algae_X175_Y212,,14,,33,1,    0.000876
494,2,GREEN VEG-WATER,,greenveg_X186_Y103,,algae_X180_Y227,,14,,34,9,    0.007885
495,2,GREEN VEG-WATER,,greenveg_X186_Y103,,algae_X180_Y235,,14,,35,9,    0.007885
496,2,GREEN VEG-WATER,,greenveg_X186_Y103,,algae_X193_Y210,,14,,36,13,    0.011390
497,2,GREEN VEG-WATER,,greenveg_X186_Y103,,shallowwater_X130_Y44,,14,,37,0,0
498,2,GREEN VEG-WATER,,greenveg_X186_Y103,,shallowwater_X172_Y158,,14,,38,18,    0.015771
499,2,GREEN VEG-WATER,,greenveg_X186_Y103,,shallowwater_X173_Y81,,14,,39,5,    0.004381
500,2,GREEN VEG-WATER,,greenveg_X186_Y103,,shallowwater_X180_Y160,,14,,40,4,    0.003505
501,2,GREEN VEG-WATER,,greenveg_X186_Y103,,shallowwater_X203_Y145,,14,,41,0,0
502,2,GREEN VEG-WATER,,greenveg_X186_Y103,,shallowwater_X207_Y145,,14,,42,8,    0.007009
503,2,GREEN VEG-WATER,,greenveg_X186_Y103,,Water_X172_Y208,,14,,43,28,    0.024533
504,2,GREEN VEG-WATER,,greenveg_X186_Y103,,Water_X192_Y177,,14,,44,1,    0.000876
505,2,GREEN VEG-WATER,,greenveg_X186_Y103,,Water_X204_Y145,,14,,45,21,    0.018399
506,2,GREEN VEG-WATER,,greenveg_X186_Y103,,Water_X216_Y154,,14,,46,7,    0.006133
507,2,GREEN VEG-WATER,,greenveg_X218_Y247,,Algae/Water_X166_Y190,,15,,29,47,    0.041180
508,2,GREEN VEG-WATER,,greenveg_X218_Y247,,Algae/Water_X173_Y223,,15,,30,42,    0.036799
509,2,GREEN VEG-WATER,,greenveg_X218_Y247,,algae_X161_Y225,,15,,31,9,    0.007885
510,2,GREEN VEG-WATER,,greenveg_X218_Y247,,algae_X169_Y184,,15,,32,2,    0.001752
511,2,GREEN VEG-WATER,,greenveg_X218_Y247,,algae_X175_Y212,,15,,33,391,    0.342580
512,2,GREEN VEG-WATER,,greenveg_X218_Y247,,algae_X180_Y227,,15,,34,86,    0.075350
513,2,GREEN VEG-WATER,,greenveg_X218_Y247,,algae_X180_Y235,,15,,35,169,    0.148072
514,2,GREEN VEG-WATER,,greenveg_X218_Y247,,algae_X193_Y210,,15,,36,301,    0.263725
515,2,GREEN VEG-WATER,,greenveg_X218_Y247,,shallowwater_X130_Y44,,15,,37,201,    0.176109
516,2,GREEN VEG-WATER,,greenveg_X218_Y247,,shallowwater_X172_Y158,,15,,38,821,    0.719330
517,2,GREEN VEG-WATER,,greenveg_X218_Y247,,shallowwater_X173_Y81,,15,,39,25,    0.021904
518,2,GREEN VEG-WATER,,greenveg_X218_Y247,,shallowwater_X180_Y160,,15,,40,79,    0.069217
519,2,GREEN VEG-WATER,,greenveg_X218_Y247,,shallowwater_X203_Y145,,15,,41,67,    0.058703
520,2,GREEN VEG-WATER,,greenveg_X218_Y247,,shallowwater_X207_Y145,,15,,42,79,    0.069217
521,2,GREEN VEG-WATER,,greenveg_X218_Y247,,Water_X172_Y208,,15,,43,217,    0.190127
522,2,GREEN VEG-WATER,,greenveg_X218_Y247,,Water_X192_Y177,,15,,44,14,    0.012266
523,2,GREEN VEG-WATER,,greenveg_X218_Y247,,Water_X204_Y145,,15,,45,144,    0.126167
524,2,GREEN VEG-WATER,,greenveg_X218_Y247,,Water_X216_Y154,,15,,46,127,    0.111273
525,2,GREEN VEG-WATER,,greenveg_X225_Y41,,Algae/Water_X166_Y190,,16,,29,7,    0.006133
526,2,GREEN VEG-WATER,,greenveg_X225_Y41,,Algae/Water_X173_Y223,,16,,30,2,    0.001752
527,2,GREEN VEG-WATER,,greenveg_X225_Y41,,algae_X161_Y225,,16,,31,7,    0.006133
528,2,GREEN VEG-WATER,,greenveg_X225_Y41,,algae_X169_Y184,,16,,32,4,    0.003505
529,2,GREEN VEG-WATER,,greenveg_X225_Y41,,algae_X175_Y212,,16,,33,20,    0.017523
530,2,GREEN VEG-WATER,,greenveg_X225_Y41,,algae_X180_Y227,,16,,34,25,    0.021904
531,2,GREEN VEG-WATER,,greenveg_X225_Y41,,algae_X180_Y235,,16,,35,36,    0.031542
532,2,GREEN VEG-WATER,,greenveg_X225_Y41,,algae_X193_Y210,,16,,36,116,    0.101635
533,2,GREEN VEG-WATER,,greenveg_X225_Y41,,shallowwater_X130_Y44,,16,,37,5,    0.004381
534,2,GREEN VEG-WATER,,greenveg_X225_Y41,,shallowwater_X172_Y158,,16,,38,23,    0.020152
535,2,GREEN VEG-WATER,,greenveg_X225_Y41,,shallowwater_X173_Y81,,16,,39,0,0
536,2,GREEN VEG-WATER,,greenveg_X225_Y41,,shallowwater_X180_Y160,,16,,40,10,    0.008762
537,2,GREEN VEG-WATER,,greenveg_X225_Y41,,shallowwater_X203_Y145,,16,,41,1,    0.000876
538,2,GREEN VEG-WATER,,greenveg_X225_Y41,,shallowwater_X207_Y145,,16,,42,3,    0.002628
539,2,GREEN VEG-WATER,,greenveg_X225_Y41,,Water_X172_Y208,,16,,43,13,    0.011390
540,2,GREEN VEG-WATER,,greenveg_X225_Y41,,Water_X192_Y177,,16,,44,1,    0.000876
541,2,GREEN VEG-WATER,,greenveg_X225_Y41,,Water_X204_Y145,,16,,45,54,    0.047313
542,2,GREEN VEG-WATER,,greenveg_X225_Y41,,Water_X216_Y154,,16,,46,1,    0.000876
543,2,GREEN VEG-WATER,,greenveg_X83_Y198,,Algae/Water_X166_Y190,,17,,29,65,    0.056951
544,2,GREEN VEG-WATER,,greenveg_X83_Y198,,Algae/Water_X173_Y223,,17,,30,1,    0.000876
545,2,GREEN VEG-WATER,,greenveg_X83_Y198,,algae_X161_Y225,,17,,31,1,    0.000876
546,2,GREEN VEG-WATER,,greenveg_X83_Y198,,algae_X169_Y184,,17,,32,1,    0.000876
547,2,GREEN VEG-WATER,,greenveg_X83_Y198,,algae_X175_Y212,,17,,33,4,    0.003505
548,2,GREEN VEG-WATER,,greenveg_X83_Y198,,algae_X180_Y227,,17,,34,9,    0.007885
549,2,GREEN VEG-WATER,,greenveg_X83_Y198,,algae_X180_Y235,,17,,35,4,    0.003505
550,2,GREEN VEG-WATER,,greenveg_X83_Y198,,algae_X193_Y210,,17,,36,44,    0.038551
551,2,GREEN VEG-WATER,,greenveg_X83_Y198,,shallowwater_X130_Y44,,17,,37,3,    0.002628
552,2,GREEN VEG-WATER,,greenveg_X83_Y198,,shallowwater_X172_Y158,,17,,38,71,    0.062208
553,2,GREEN VEG-WATER,,greenveg_X83_Y198,,shallowwater_X173_Y81,,17,,39,1,    0.000876
554,2,GREEN VEG-WATER,,greenveg_X83_Y198,,shallowwater_X180_Y160,,17,,40,2,    0.001752
555,2,GREEN VEG-WATER,,greenveg_X83_Y198,,shallowwater_X203_Y145,,17,,41,2,    0.001752
556,2,GREEN VEG-WATER,,greenveg_X83_Y198,,shallowwater_X207_Y145,,17,,42,5,    0.004381
557,2,GREEN VEG-WATER,,greenveg_X83_Y198,,Water_X172_Y208,,17,,43,9,    0.007885
558,2,GREEN VEG-WATER,,greenveg_X83_Y198,,Water_X192_Y177,,17,,44,0,0
559,2,GREEN VEG-WATER,,greenveg_X83_Y198,,Water_X204_Y145,,17,,45,14,    0.012266
560,2,GREEN VEG-WATER,,greenveg_X83_Y198,,Water_X216_Y154,,17,,46,3,    0.002628
561,2,GREEN VEG-WATER,,pickleweed_X174_Y231,,Algae/Water_X166_Y190,,18,,29,102,    0.089369
562,2,GREEN VEG-WATER,,pickleweed_X174_Y231,,Algae/Water_X173_Y223,,18,,30,8,    0.007009
563,2,GREEN VEG-WATER,,pickleweed_X174_Y231,,algae_X161_Y225,,18,,31,13,    0.011390
564,2,GREEN VEG-WATER,,pickleweed_X174_Y231,,algae_X169_Y184,,18,,32,0,0
565,2,GREEN VEG-WATER,,pickleweed_X174_Y231,,algae_X175_Y212,,18,,33,8,    0.007009
566,2,GREEN VEG-WATER,,pickleweed_X174_Y231,,algae_X180_Y227,,18,,34,20,    0.017523
567,2,GREEN VEG-WATER,,pickleweed_X174_Y231,,algae_X180_Y235,,18,,35,28,    0.024533
568,2,GREEN VEG-WATER,,pickleweed_X174_Y231,,algae_X193_Y210,,18,,36,42,    0.036799
569,2,GREEN VEG-WATER,,pickleweed_X174_Y231,,shallowwater_X130_Y44,,18,,37,10,    0.008762
570,2,GREEN VEG-WATER,,pickleweed_X174_Y231,,shallowwater_X172_Y158,,18,,38,4,    0.003505
571,2,GREEN VEG-WATER,,pickleweed_X174_Y231,,shallowwater_X173_Y81,,18,,39,7,    0.006133
572,2,GREEN VEG-WATER,,pickleweed_X174_Y231,,shallowwater_X180_Y160,,18,,40,2,    0.001752
573,2,GREEN VEG-WATER,,pickleweed_X174_Y231,,shallowwater_X203_Y145,,18,,41,6,    0.005257
574,2,GREEN VEG-WATER,,pickleweed_X174_Y231,,shallowwater_X207_Y145,,18,,42,5,    0.004381
575,2,GREEN VEG-WATER,,pickleweed_X174_Y231,,Water_X172_Y208,,18,,43,48,    0.042056
576,2,GREEN VEG-WATER,,pickleweed_X174_Y231,,Water_X192_Y177,,18,,44,4,    0.003505
577,2,GREEN VEG-WATER,,pickleweed_X174_Y231,,Water_X204_Y145,,18,,45,47,    0.041180
578,2,GREEN VEG-WATER,,pickleweed_X174_Y231,,Water_X216_Y154,,18,,46,10,    0.008762
579,2,GREEN VEG-WATER,,pickleweed_X175_Y92,,Algae/Water_X166_Y190,,19,,29,20,    0.017523
580,2,GREEN VEG-WATER,,pickleweed_X175_Y92,,Algae/Water_X173_Y223,,19,,30,14,    0.012266
581,2,GREEN VEG-WATER,,pickleweed_X175_Y92,,algae_X161_Y225,,19,,31,26,    0.022780
582,2,GREEN VEG-WATER,,pickleweed_X175_Y92,,algae_X169_Y184,,19,,32,7,    0.006133
583,2,GREEN VEG-WATER,,pickleweed_X175_Y92,,algae_X175_Y212,,19,,33,55,    0.048189
584,2,GREEN VEG-WATER,,pickleweed_X175_Y92,,algae_X180_Y227,,19,,34,131,    0.114777
585,2,GREEN VEG-WATER,,pickleweed_X175_Y92,,algae_X180_Y235,,19,,35,82,    0.071845
586,2,GREEN VEG-WATER,,pickleweed_X175_Y92,,algae_X193_Y210,,19,,36,44,    0.038551
587,2,GREEN VEG-WATER,,pickleweed_X175_Y92,,shallowwater_X130_Y44,,19,,37,14,    0.012266
588,2,GREEN VEG-WATER,,pickleweed_X175_Y92,,shallowwater_X172_Y158,,19,,38,69,    0.060455
589,2,GREEN VEG-WATER,,pickleweed_X175_Y92,,shallowwater_X173_Y81,,19,,39,15,    0.013142
590,2,GREEN VEG-WATER,,pickleweed_X175_Y92,,shallowwater_X180_Y160,,19,,40,46,    0.040304
591,2,GREEN VEG-WATER,,pickleweed_X175_Y92,,shallowwater_X203_Y145,,19,,41,6,    0.005257
592,2,GREEN VEG-WATER,,pickleweed_X175_Y92,,shallowwater_X207_Y145,,19,,42,14,    0.012266
593,2,GREEN VEG-WATER,,pickleweed_X175_Y92,,Water_X172_Y208,,19,,43,51,    0.044684
594,2,GREEN VEG-WATER,,pickleweed_X175_Y92,,Water_X192_Y177,,19,,44,11,    0.009638
595,2,GREEN VEG-WATER,,pickleweed_X175_Y92,,Water_X204_Y145,,19,,45,69,    0.060455
596,2,GREEN VEG-WATER,,pickleweed_X175_Y92,,Water_X216_Y154,,19,,46,1,    0.000876
597,2,GREEN VEG-WATER,,Pickleweed_X176_Y92,,Algae/Water_X166_Y190,,20,,29,12,    0.010514
598,2,GREEN VEG-WATER,,Pickleweed_X176_Y92,,Algae/Water_X173_Y223,,20,,30,0,0
599,2,GREEN VEG-WATER,,Pickleweed_X176_Y92,,algae_X161_Y225,,20,,31,6,    0.005257
600,2,GREEN VEG-WATER,,Pickleweed_X176_Y92,,algae_X169_Y184,,20,,32,0,0
601,2,GREEN VEG-WATER,,Pickleweed_X176_Y92,,algae_X175_Y212,,20,,33,5,    0.004381
602,2,GREEN VEG-WATER,,Pickleweed_X176_Y92,,algae_X180_Y227,,20,,34,2,    0.001752
603,2,GREEN VEG-WATER,,Pickleweed_X176_Y92,,algae_X180_Y235,,20,,35,1,    0.000876
604,2,GREEN VEG-WATER,,Pickleweed_X176_Y92,,algae_X193_Y210,,20,,36,1,    0.000876
605,2,GREEN VEG-WATER,,Pickleweed_X176_Y92,,shallowwater_X130_Y44,,20,,37,0,0
606,2,GREEN VEG-WATER,,Pickleweed_X176_Y92,,shallowwater_X172_Y158,,20,,38,10,    0.008762
607,2,GREEN VEG-WATER,,Pickleweed_X176_Y92,,shallowwater_X173_Y81,,20,,39,1,    0.000876
608,2,GREEN VEG-WATER,,Pickleweed_X176_Y92,,shallowwater_X180_Y160,,20,,40,4,    0.003505
609,2,GREEN VEG-WATER,,Pickleweed_X176_Y92,,shallowwater_X203_Y145,,20,,41,0,0
610,2,GREEN VEG-WATER,,Pickleweed_X176_Y92,,shallowwater_X207_Y145,,20,,42,0,0
611,2,GREEN VEG-WATER,,Pickleweed_X176_Y92,,Water_X172_Y208,,20,,43,7,    0.006133
612,2,GREEN VEG-WATER,,Pickleweed_X176_Y92,,Water_X192_Y177,,20,,44,0,0
613,2,GREEN VEG-WATER,,Pickleweed_X176_Y92,,Water_X204_Y145,,20,,45,2,    0.001752
614,2,GREEN VEG-WATER,,Pickleweed_X176_Y92,,Water_X216_Y154,,20,,46,0,0
615,2,GREEN VEG-WATER,,pickleweed_X184_Y134,,Algae/Water_X166_Y190,,21,,29,231,    0.202394
616,2,GREEN VEG-WATER,,pickleweed_X184_Y134,,Algae/Water_X173_Y223,,21,,30,0,0
617,2,GREEN VEG-WATER,,pickleweed_X184_Y134,,algae_X161_Y225,,21,,31,4,    0.003505
618,2,GREEN VEG-WATER,,pickleweed_X184_Y134,,algae_X169_Y184,,21,,32,4,    0.003505
619,2,GREEN VEG-WATER,,pickleweed_X184_Y134,,algae_X175_Y212,,21,,33,7,    0.006133
620,2,GREEN VEG-WATER,,pickleweed_X184_Y134,,algae_X180_Y227,,21,,34,272,    0.238316
621,2,GREEN VEG-WATER,,pickleweed_X184_Y134,,algae_X180_Y235,,21,,35,37,    0.032418
622,2,GREEN VEG-WATER,,pickleweed_X184_Y134,,algae_X193_Y210,,21,,36,35,    0.030666
623,2,GREEN VEG-WATER,,pickleweed_X184_Y134,,shallowwater_X130_Y44,,21,,37,5,    0.004381
624,2,GREEN VEG-WATER,,pickleweed_X184_Y134,,shallowwater_X172_Y158,,21,,38,38,    0.033294
625,2,GREEN VEG-WATER,,pickleweed_X184_Y134,,shallowwater_X173_Y81,,21,,39,26,    0.022780
626,2,GREEN VEG-WATER,,pickleweed_X184_Y134,,shallowwater_X180_Y160,,21,,40,3,    0.002628
627,2,GREEN VEG-WATER,,pickleweed_X184_Y134,,shallowwater_X203_Y145,,21,,41,0,0
628,2,GREEN VEG-WATER,,pickleweed_X184_Y134,,shallowwater_X207_Y145,,21,,42,0,0
629,2,GREEN VEG-WATER,,pickleweed_X184_Y134,,Water_X172_Y208,,21,,43,150,    0.131424
630,2,GREEN VEG-WATER,,pickleweed_X184_Y134,,Water_X192_Y177,,21,,44,0,0
631,2,GREEN VEG-WATER,,pickleweed_X184_Y134,,Water_X204_Y145,,21,,45,77,    0.067465
632,2,GREEN VEG-WATER,,pickleweed_X184_Y134,,Water_X216_Y154,,21,,46,0,0
633,2,GREEN VEG-WATER,,pickleweed_X189_Y52,,Algae/Water_X166_Y190,,22,,29,153,    0.134053
634,2,GREEN VEG-WATER,,pickleweed_X189_Y52,,Algae/Water_X173_Y223,,22,,30,3,    0.002628
635,2,GREEN VEG-WATER,,pickleweed_X189_Y52,,algae_X161_Y225,,22,,31,15,    0.013142
636,2,GREEN VEG-WATER,,pickleweed_X189_Y52,,algae_X169_Y184,,22,,32,5,    0.004381
637,2,GREEN VEG-WATER,,pickleweed_X189_Y52,,algae_X175_Y212,,22,,33,4,    0.003505
638,2,GREEN VEG-WATER,,pickleweed_X189_Y52,,algae_X180_Y227,,22,,34,61,    0.053446
639,2,GREEN VEG-WATER,,pickleweed_X189_Y52,,algae_X180_Y235,,22,,35,14,    0.012266
640,2,GREEN VEG-WATER,,pickleweed_X189_Y52,,algae_X193_Y210,,22,,36,38,    0.033294
641,2,GREEN VEG-WATER,,pickleweed_X189_Y52,,shallowwater_X130_Y44,,22,,37,3,    0.002628
642,2,GREEN VEG-WATER,,pickleweed_X189_Y52,,shallowwater_X172_Y158,,22,,38,39,    0.034170
643,2,GREEN VEG-WATER,,pickleweed_X189_Y52,,shallowwater_X173_Y81,,22,,39,10,    0.008762
644,2,GREEN VEG-WATER,,pickleweed_X189_Y52,,shallowwater_X180_Y160,,22,,40,6,    0.005257
645,2,GREEN VEG-WATER,,pickleweed_X189_Y52,,shallowwater_X203_Y145,,22,,41,0,0
646,2,GREEN VEG-WATER,,pickleweed_X189_Y52,,shallowwater_X207_Y145,,22,,42,3,    0.002628
647,2,GREEN VEG-WATER,,pickleweed_X189_Y52,,Water_X172_Y208,,22,,43,113,    0.099006
648,2,GREEN VEG-WATER,,pickleweed_X189_Y52,,Water_X192_Y177,,22,,44,4,    0.003505
649,2,GREEN VEG-WATER,,pickleweed_X189_Y52,,Water_X204_Y145,,22,,45,22,    0.019276
650,2,GREEN VEG-WATER,,pickleweed_X189_Y52,,Water_X216_Y154,,22,,46,0,0
651,2,GREEN VEG-WATER,,pickleweed_X201_Y133,,Algae/Water_X166_Y190,,23,,29,1,    0.000876
652,2,GREEN VEG-WATER,,pickleweed_X201_Y133,,Algae/Water_X173_Y223,,23,,30,6,    0.005257
653,2,GREEN VEG-WATER,,pickleweed_X201_Y133,,algae_X161_Y225,,23,,31,1,    0.000876
654,2,GREEN VEG-WATER,,pickleweed_X201_Y133,,algae_X169_Y184,,23,,32,10,    0.008762
655,2,GREEN VEG-WATER,,pickleweed_X201_Y133,,algae_X175_Y212,,23,,33,0,0
656,2,GREEN VEG-WATER,,pickleweed_X201_Y133,,algae_X180_Y227,,23,,34,474,    0.415301
657,2,GREEN VEG-WATER,,pickleweed_X201_Y133,,algae_X180_Y235,,23,,35,49,    0.042932
658,2,GREEN VEG-WATER,,pickleweed_X201_Y133,,algae_X193_Y210,,23,,36,130,    0.113901
659,2,GREEN VEG-WATER,,pickleweed_X201_Y133,,shallowwater_X130_Y44,,23,,37,2,    0.001752
660,2,GREEN VEG-WATER,,pickleweed_X201_Y133,,shallowwater_X172_Y158,,23,,38,32,    0.028037
661,2,GREEN VEG-WATER,,pickleweed_X201_Y133,,shallowwater_X173_Y81,,23,,39,13,    0.011390
662,2,GREEN VEG-WATER,,pickleweed_X201_Y133,,shallowwater_X180_Y160,,23,,40,7,    0.006133
663,2,GREEN VEG-WATER,,pickleweed_X201_Y133,,shallowwater_X203_Y145,,23,,41,3,    0.002628
664,2,GREEN VEG-WATER,,pickleweed_X201_Y133,,shallowwater_X207_Y145,,23,,42,2,    0.001752
665,2,GREEN VEG-WATER,,pickleweed_X201_Y133,,Water_X172_Y208,,23,,43,1,    0.000876
666,2,GREEN VEG-WATER,,pickleweed_X201_Y133,,Water_X192_Y177,,23,,44,1,    0.000876
667,2,GREEN VEG-WATER,,pickleweed_X201_Y133,,Water_X204_Y145,,23,,45,66,    0.057827
668,2,GREEN VEG-WATER,,pickleweed_X201_Y133,,Water_X216_Y154,,23,,46,1,    0.000876
669,2,GREEN VEG-WATER,,pickleweed_X215_Y133,,Algae/Water_X166_Y190,,24,,29,32,    0.028037
670,2,GREEN VEG-WATER,,pickleweed_X215_Y133,,Algae/Water_X173_Y223,,24,,30,0,0
671,2,GREEN VEG-WATER,,pickleweed_X215_Y133,,algae_X161_Y225,,24,,31,4,    0.003505
672,2,GREEN VEG-WATER,,pickleweed_X215_Y133,,algae_X169_Y184,,24,,32,1,    0.000876
673,2,GREEN VEG-WATER,,pickleweed_X215_Y133,,algae_X175_Y212,,24,,33,2,    0.001752
674,2,GREEN VEG-WATER,,pickleweed_X215_Y133,,algae_X180_Y227,,24,,34,17,    0.014895
675,2,GREEN VEG-WATER,,pickleweed_X215_Y133,,algae_X180_Y235,,24,,35,20,    0.017523
676,2,GREEN VEG-WATER,,pickleweed_X215_Y133,,algae_X193_Y210,,24,,36,22,    0.019276
677,2,GREEN VEG-WATER,,pickleweed_X215_Y133,,shallowwater_X130_Y44,,24,,37,1,    0.000876
678,2,GREEN VEG-WATER,,pickleweed_X215_Y133,,shallowwater_X172_Y158,,24,,38,38,    0.033294
679,2,GREEN VEG-WATER,,pickleweed_X215_Y133,,shallowwater_X173_Y81,,24,,39,4,    0.003505
680,2,GREEN VEG-WATER,,pickleweed_X215_Y133,,shallowwater_X180_Y160,,24,,40,13,    0.011390
681,2,GREEN VEG-WATER,,pickleweed_X215_Y133,,shallowwater_X203_Y145,,24,,41,1,    0.000876
682,2,GREEN VEG-WATER,,pickleweed_X215_Y133,,shallowwater_X207_Y145,,24,,42,0,0
683,2,GREEN VEG-WATER,,pickleweed_X215_Y133,,Water_X172_Y208,,24,,43,22,    0.019276
684,2,GREEN VEG-WATER,,pickleweed_X215_Y133,,Water_X192_Y177,,24,,44,3,    0.002628
685,2,GREEN VEG-WATER,,pickleweed_X215_Y133,,Water_X204_Y145,,24,,45,10,    0.008762
686,2,GREEN VEG-WATER,,pickleweed_X215_Y133,,Water_X216_Y154,,24,,46,0,0
687,2,GREEN VEG-WATER,,Uplands_X168_Y121,,Algae/Water_X166_Y190,,25,,29,31,    0.027161
688,2,GREEN VEG-WATER,,Uplands_X168_Y121,,Algae/Water_X173_Y223,,25,,30,9,    0.007885
689,2,GREEN VEG-WATER,,Uplands_X168_Y121,,algae_X161_Y225,,25,,31,32,    0.028037
690,2,GREEN VEG-WATER,,Uplands_X168_Y121,,algae_X169_Y184,,25,,32,38,    0.033294
691,2,GREEN VEG-WATER,,Uplands_X168_Y121,,algae_X175_Y212,,25,,33,106,    0.092873
692,2,GREEN VEG-WATER,,Uplands_X168_Y121,,algae_X180_Y227,,25,,34,90,    0.078855
693,2,GREEN VEG-WATER,,Uplands_X168_Y121,,algae_X180_Y235,,25,,35,328,    0.287382
694,2,GREEN VEG-WATER,,Uplands_X168_Y121,,algae_X193_Y210,,25,,36,1338,    1.172306
695,2,GREEN VEG-WATER,,Uplands_X168_Y121,,shallowwater_X130_Y44,,25,,37,9,    0.007885
696,2,GREEN VEG-WATER,,Uplands_X168_Y121,,shallowwater_X172_Y158,,25,,38,663,    0.580896
697,2,GREEN VEG-WATER,,Uplands_X168_Y121,,shallowwater_X173_Y81,,25,,39,19,    0.016647
698,2,GREEN VEG-WATER,,Uplands_X168_Y121,,shallowwater_X180_Y160,,25,,40,228,    0.199765
699,2,GREEN VEG-WATER,,Uplands_X168_Y121,,shallowwater_X203_Y145,,25,,41,47,    0.041180
700,2,GREEN VEG-WATER,,Uplands_X168_Y121,,shallowwater_X207_Y145,,25,,42,28,    0.024533
701,2,GREEN VEG-WATER,,Uplands_X168_Y121,,Water_X172_Y208,,25,,43,76,    0.066588
702,2,GREEN VEG-WATER,,Uplands_X168_Y121,,Water_X192_Y177,,25,,44,39,    0.034170
703,2,GREEN VEG-WATER,,Uplands_X168_Y121,,Water_X204_Y145,,25,,45,73,    0.063960
704,2,GREEN VEG-WATER,,Uplands_X168_Y121,,Water_X216_Y154,,25,,46,32,    0.028037
705,2,GREEN VEG-WATER,,Uplands_X188_Y51,,Algae/Water_X166_Y190,,26,,29,10,    0.008762
706,2,GREEN VEG-WATER,,Uplands_X188_Y51,,Algae/Water_X173_Y223,,26,,30,17,    0.014895
707,2,GREEN VEG-WATER,,Uplands_X188_Y51,,algae_X161_Y225,,26,,31,10,    0.008762
708,2,GREEN VEG-WATER,,Uplands_X188_Y51,,algae_X169_Y184,,26,,32,1,    0.000876
709,2,GREEN VEG-WATER,,Uplands_X188_Y51,,algae_X175_Y212,,26,,33,6,    0.005257
710,2,GREEN VEG-WATER,,Uplands_X188_Y51,,algae_X180_Y227,,26,,34,710,    0.622076
711,2,GREEN VEG-WATER,,Uplands_X188_Y51,,algae_X180_Y235,,26,,35,51,    0.044684
712,2,GREEN VEG-WATER,,Uplands_X188_Y51,,algae_X193_Y210,,26,,36,167,    0.146319
713,2,GREEN VEG-WATER,,Uplands_X188_Y51,,shallowwater_X130_Y44,,26,,37,13,    0.011390
714,2,GREEN VEG-WATER,,Uplands_X188_Y51,,shallowwater_X172_Y158,,26,,38,31,    0.027161
715,2,GREEN VEG-WATER,,Uplands_X188_Y51,,shallowwater_X173_Y81,,26,,39,46,    0.040304
716,2,GREEN VEG-WATER,,Uplands_X188_Y51,,shallowwater_X180_Y160,,26,,40,12,    0.010514
717,2,GREEN VEG-WATER,,Uplands_X188_Y51,,shallowwater_X203_Y145,,26,,41,0,0
718,2,GREEN VEG-WATER,,Uplands_X188_Y51,,shallowwater_X207_Y145,,26,,42,14,    0.012266
719,2,GREEN VEG-WATER,,Uplands_X188_Y51,,Water_X172_Y208,,26,,43,32,    0.028037
720,2,GREEN VEG-WATER,,Uplands_X188_Y51,,Water_X192_Y177,,26,,44,27,    0.023656
721,2,GREEN VEG-WATER,,Uplands_X188_Y51,,Water_X204_Y145,,26,,45,168,    0.147195
722,2,GREEN VEG-WATER,,Uplands_X188_Y51,,Water_X216_Y154,,26,,46,4,    0.003505
723,2,NPV-WATER,,,NPV_X130_Y187,Algae/Water_X166_Y190,,,27,29,5,    0.004381
724,2,NPV-WATER,,,NPV_X130_Y187,Algae/Water_X173_Y223,,,27,30,1,    0.000876
725,2,NPV-WATER,,,NPV_X130_Y187,algae_X161_Y225,,,27,31,3,    0.002628
726,2,NPV-WATER,,,NPV_X130_Y187,algae_X169_Y184,,,27,32,0,0
727,2,NPV-WATER,,,NPV_X130_Y187,algae_X175_Y212,,,27,33,0,0
728,2,NPV-WATER,,,NPV_X130_Y187,algae_X180_Y227,,,27,34,0,0
729,2,NPV-WATER,,,NPV_X130_Y187,algae_X180_Y235,,,27,35,9,    0.007885
730,2,NPV-WATER,,,NPV_X130_Y187,algae_X193_Y210,,,27,36,33,    0.028913
731,2,NPV-WATER,,,NPV_X130_Y187,shallowwater_X130_Y44,,,27,37,1,    0.000876
732,2,NPV-WATER,,,NPV_X130_Y187,shallowwater_X172_Y158,,,27,38,1,    0.000876
733,2,NPV-WATER,,,NPV_X130_Y187,shallowwater_X173_Y81,,,27,39,2,    0.001752
734,2,NPV-WATER,,,NPV_X130_Y187,shallowwater_X180_Y160,,,27,40,5,    0.004381
735,2,NPV-WATER,,,NPV_X130_Y187,shallowwater_X203_Y145,,,27,41,0,0
736,2,NPV-WATER,,,NPV_X130_Y187,shallowwater_X207_Y145,,,27,42,5,    0.004381
737,2,NPV-WATER,,,NPV_X130_Y187,Water_X172_Y208,,,27,43,6,    0.005257
738,2,NPV-WATER,,,NPV_X130_Y187,Water_X192_Y177,,,27,44,0,0
739,2,NPV-WATER,,,NPV_X130_Y187,Water_X204_Y145,,,27,45,20,    0.017523
740,2,NPV-WATER,,,NPV_X130_Y187,Water_X216_Y154,,,27,46,0,0
741,2,NPV-WATER,,,NPV_X151_Y331,Algae/Water_X166_Y190,,,28,29,2,    0.001752
742,2,NPV-WATER,,,NPV_X151_Y331,Algae/Water_X173_Y223,,,28,30,4,    0.003505
743,2,NPV-WATER,,,NPV_X151_Y331,algae_X161_Y225,,,28,31,1,    0.000876
744,2,NPV-WATER,,,NPV_X151_Y331,algae_X169_Y184,,,28,32,1,    0.000876
745,2,NPV-WATER,,,NPV_X151_Y331,algae_X175_Y212,,,28,33,7,    0.006133
746,2,NPV-WATER,,,NPV_X151_Y331,algae_X180_Y227,,,28,34,1,    0.000876
747,2,NPV-WATER,,,NPV_X151_Y331,algae_X180_Y235,,,28,35,8,    0.007009
748,2,NPV-WATER,,,NPV_X151_Y331,algae_X193_Y210,,,28,36,18,    0.015771
749,2,NPV-WATER,,,NPV_X151_Y331,shallowwater_X130_Y44,,,28,37,1,    0.000876
750,2,NPV-WATER,,,NPV_X151_Y331,shallowwater_X172_Y158,,,28,38,2,    0.001752
751,2,NPV-WATER,,,NPV_X151_Y331,shallowwater_X173_Y81,,,28,39,0,0
752,2,NPV-WATER,,,NPV_X151_Y331,shallowwater_X180_Y160,,,28,40,2,    0.001752
753,2,NPV-WATER,,,NPV_X151_Y331,shallowwater_X203_Y145,,,28,41,0,0
754,2,NPV-WATER,,,NPV_X151_Y331,shallowwater_X207_Y145,,,28,42,0,0
755,2,NPV-WATER,,,NPV_X151_Y331,Water_X172_Y208,,,28,43,2,    0.001752
756,2,NPV-WATER,,,NPV_X151_Y331,Water_X192_Y177,,,28,44,0,0
757,2,NPV-WATER,,,NPV_X151_Y331,Water_X204_Y145,,,28,45,12,    0.010514
758,2,NPV-WATER,,,NPV_X151_Y331,Water_X216_Y154,,,28,46,0,0
