Name,Meta1,Meta2,
220415b.0m.asd                 No-OAR,Pervious,Plants,High Marsh
220415b.1m.asd                 No-OAR,Pervious,Plants,Pickleweed
220415b.2m.asd                 No-OAR,Pervious,NPV,NPV
220415b.3m.asd                 No-OAR,Pervious,NPV,NPV
220415b.4m.asd                 No-OAR,Pervious,NPV,NPV
220415b.5m.asd                 No-OAR,Pervious,Plants,Pickleweed
220415b.6m.asd                 No-OAR,Pervious,Plants,Pickleweed
220415b.7m.asd                 No-OAR,Pervious,NPV,NPV
220415b.8m.asd                 No-OAR,Pervious,Plants,Pickleweed
220415b.9m.asd                 No-OAR,Pervious,Plants,Pickleweed
220415b.10m.asd                 No-OAR,Pervious,Plants,Pickleweed
220415b.11m.asd                 No-OAR,Pervious,Plants,Pickleweed
220415b.12m.asd                 No-OAR,Pervious,Plants,Pickleweed
220415b.13m.asd                 No-OAR,Pervious,Plants,Pickleweed
220415b.14m.asd                 No-OAR,Pervious,Plants,Pickleweed
220415b.15m.asd                 No-OAR,Pervious,Plants,Pickleweed
220415b.16m.asd                 No-OAR,Pervious,Plants,Pickleweed
220415b.17m.asd                 No-OAR,Pervious,Plants,Pickleweed
220415b.18m.asd                 No-OAR,Pervious,Plants,Pickleweed
220415b.19m.asd                 No-OAR,Pervious,Plants,Pickleweed
220415b.20m.asd                 No-OAR,Pervious,Plants,Pickleweed
220415b.21m.asd                 No-OAR,Pervious,Plants,Pickleweed
220415b.22m.asd                 No-OAR,Pervious,Plants,Pickleweed
220415b.23m.asd                 No-OAR,Pervious,Plants,Pickleweed
220415b.24m.asd                 No-OAR,Pervious,Plants,Pickleweed
220415b.25m.asd                 No-OAR,Pervious,Plants,Pickleweed
220415b.26m.asd                 No-OAR,Pervious,Plants,Pickleweed
220415b.27m.asd                 No-OAR,Pervious,Plants,Pickleweed
220415b.28m.asd                 No-OAR,Pervious,Plants,Pickleweed
220415b.29m.asd                 No-OAR,Pervious,Plants,Pickleweed
220415b.30m.asd                 No-OAR,Pervious,Plants,Pickleweed
220415b.31m.asd                 No-OAR,Pervious,Plants,Pickleweed
220415b.32m.asd                 No-OAR  ,Pervious,Plants,Pickleweed
